id	word1	word2	headline	task	lora_used	output_finetuned	output_compare
en_0001	-	-	Ryanair to cut 1 million more passenger seats in Spain	conan	conan	"Ryanair said, ""We’re sorry, but we’re trying to make our flights as miserable as possible."""	"""Looks like Spain's about to become the world's first 'Seat-cation'!"""
en_0002	-	-	Looted by Nazis, a 17th-Century Painting Resurfaces. But Not for Long.	conan	conan	It was stolen again by a guy who was just trying to get it home for his mother.	It was quickly reclaimed by the museum's security team... after they mistook it for a janitor in a brown coat.
en_0003	-	-	Analysis: Spotlight on childcare reforms reveals how far there is to go	conan	conan	For example, the new childcare reforms allow parents to leave their children with a babysitter for up to 10 minutes.	"""Apparently, the new reforms mean we're now expected to teach our kids calculus in diapers!"""
en_0004	-	-	Do body wipes actually work? Experts weigh in	conan	conan	Spoiler alert: they don’t.	After extensive research, it turns out they do... but only if you're trying to wipe out your social life!
en_0005	-	-	Is Meghan’s Netflix series another ‘exercise in narcissism’?	conan	conan	I don’t know, but I’m looking forward to finding out.	"Or perhaps it's just a ""workout in self-promotion""?"
en_0006	-	-	These colleges are welcoming pets in dorms to reduce students’ stress and anxiety	conan	conan	The colleges are also welcoming parents to reduce students’ stress and anxiety.	...Now I just need to convince them that my stress ball is actually a pet.
en_0007	-	-	Taipei City council in the dog house over Chinese-made patrol robot	conan	conan	"The robot is being called ""creepy"" and ""a bad investment."""	"""Apparently, it kept barking 'Woof-woof, Xi Jinping!' during its rounds."""
en_0008	-	-	BOM forecasts wet spring as severe storm barrels towards nation's south	conan	conan	In other words, it's going to be a great weekend for golf.	Oh great, just what we needed – a weather-induced mood swing for the entire country!
en_0009	-	-	Nonalcoholic beer and mocktails can help people stay sober or drink less, but are not for everyone	conan	conan	"For example, I’m not a fan of the ""Sobertini."""	...Apparently, they're also great for people who just really love the taste of disappointment.
en_0010	-	-	Massachusetts cranberry bogs are being given a second life as vibrant wetlands	conan	conan	And the cranberries are being given a second life as vodka.	"Now the locals can't help but wonder, ""Is this the beginning of a beautiful swamp-sance?"""
en_0011	-	-	U.S. Open foes Jelena Ostapenko and Taylor Townsend get into heated post-match row	conan	conan	The two women were so angry, they were unable to finish their post-match doubles match.	"Ostapenko: ""You can't handle my serve, can you?""
Townsend: ""Well, I can handle your attitude just fine!"""
en_0012	-	-	Humans inhale as much as 68,000 microplastic particles daily, study finds	conan	conan	"The study was conducted by a group of scientists known as ""The Dudes Who Smoke Weed."""	...And they say we're the ones clogging up the drain!
en_0013	-	-	SpaceX deploys first mock Starlink satellites on 10th test flight	conan	conan	The satellites are being used to test the Starlink service, and to test the Starlink customers’ patience.	"""And the satellites were so bright, Elon Musk had to issue a warning: 'Don't look directly at them, or you might think it's daytime in the middle of the night!'"""
en_0014	-	-	Love Island USA' winner Amaya reveals she and Bryan broke up	conan	conan	"Amaya said, ""I'm sad, but I'm also glad I don't have to hear the word 'Bryan' anymore."""	"""Well, at least now they're back to being 'islanded' apart."""
en_0015	-	-	He paid triple the going rate for solar panels. Now he warns people to research door-to-door contracts	conan	conan	"He also warns people to research the guy who comes to your door and says he’s a ""solar panel salesman."""	"""He's the only man in town with a solar-powered megaphone, shouting, 'Stay indoors for your own savings!'"""
en_0016	-	-	Why Arthur Ashe Stadium and the US Open are so unique and sometimes divisive	conan	conan	I’m talking about the fact that the US Open is the only major tennis tournament played on grass.	Because it's the only place where a tennis match can be interrupted by a flyover, and spectators will cheer for the planes instead of the players!
en_0017	-	-	Blockbuster Canadian romance author Carley Fortune announces 5th novel	conan	conan	"It’s called ""The Cottage on the Lake Where the Guy Who’s Not the Father Lives."""	"Title: ""Maple Syrup and Mistletoe: A Holiday Trap""

Carley Fortune: ""This time, the heroine gets lost in the woods... and finds love with a lumberjack named Tim Horton!"""
en_0018	-	-	Nvidia Sales Jump 56%, a Sign the A.I. Boom Isn’t Slowing Down	conan	conan	In fact, Nvidia’s A.I. is so good, it’s already written this joke.	"And Wall Street's response? ""We're not AI-fied yet!"""
en_0019	-	-	Furniture, architecture, fashion: 3 designers explain how AI is transforming everything	conan	conan	And, of course, comedy.	"One designer, with a twinkle in his eye, declares, ""Now, with AI, we can create chairs that not only support you but also give you a backrub!"""
en_0020	-	-	Italian apples get their own dedicated cable car ride	conan	conan	"It’s called the ""Apple-Escalator."""	...Because they can't roll down hills like everyone else!
en_0021	-	-	Denzel Washington reveals he doesn’t watch movies anymore	conan	conan	"He said, ""I’m too busy watching Denzel Washington movies."""	"""Because he's tired of being outshone by the popcorn."""
en_0022	-	-	How are the new students feeling on the first day of school?	conan	conan	I’m feeling a little nervous, but I’m also excited to meet my new teacher, Mr. Meth.	Like a fresh box of crayons, ready to color outside the lines!
en_0023	-	-	Alcaraz Vanquishes Demons of Last Year	conan	conan	He’s now ranked #1 in the world.	...Now he's just battling his own shadow for a promotion in the league!
en_0024	-	-	Why eradicating the Asian hornet is taken so seriously	conan	conan	Because it’s the only thing that can stop the Asian bee.	Because one bite can make you swear off sweeteners for life!
en_0025	-	-	The untold history of one of Australia's most iconic photos	conan	conan	It was taken by a guy who was just trying to take a selfie with a koala.	"Kangaroo: ""Mate, I've got a paw in my pocket, what's the story?""
Photographer: ""Just pretend it's a joey, alright?"""
en_0026	-	-	Two Pakistan towns face flood risk if river barrage crumbles, officials say	conan	conan	"The two towns are ""Dry"" and ""Virginia."""	"""Well, at least they'll have a 'levee' of good memories before it all goes under!"""
en_0027	-	-	Rocky waters ahead for British artist stopping sales to customers across the pond	conan	conan	He’s being sued by the British Royal Family for copyright infringement.	"""Seems like he's found a new way to make waves - by drowning his own market!"""
en_0028	-	-	Watch: Arizona ‘haboob’ dust storm causes disruption	conan	conan	The dust storm was so bad, you could barely see the people who voted for Mitt Romney.	"""And in a surprising twist, it was reported that the storm had also caused a massive increase in the state's sandal sales."""
en_0029	-	-	From boom to ban: The rise and fall of India's betting apps	conan	conan	It's a story of greed, corruption, and the New York Jets.	In a twist of fate, it seems the only thing that's booming now is the number of lawsuits against these apps!
en_0030	-	-	Why the egusi? A Nigerian melon seed's journey into space	conan	conan	And why the egusi? Because it's the only thing that will grow in space.	Crashed and now it's the new moon's favorite snack!
en_0031	-	-	Does removing mustache hair lead to thicker hair growth?	conan	conan	I’m going to find out.	Well, it might just be the beard-growing fairy's way of getting back at you!
en_0032	-	-	Coach Hugo Broos announces final squad for Bafana Bafana's World Cup qualifiers	conan	conan	"Broos said, ""I’m going with the tried and true, the old and the injured."""	"And there's no room for error, because the team is called ""Bafana Bafana"" - which translates to ""The Boys, The Boys""... in Swahili."
en_0033	-	-	I found weed in the 3rd grade': Jacob Balshin | New Wave Of Standup	conan	conan	I’m not sure what the joke is, but I’m pretty sure I’m not supposed to be here.	...and I thought it was a new brand of crayons!
en_0034	-	-	Venus Williams’ fuzzy tennis racket case was a major serve	conan	conan	It was so fuzzy, it was hard to tell if it was a tennis racket case or a giant tampon.	"It's so fluffy, I'm surprised it doesn't come with a ""Pet"" tag!"
en_0035	-	-	These British rock stars never conquered America. They’re now playing to a sold-out Chicago stadium	conan	conan	"The show is called, ""The Who’s Who of the Who."""	...because it turns out, they were just warming up!
en_0036	-	-	How chatbots are making us speak like management consultants	conan	conan	"For example, I’m going to ask you a question and you’re going to answer with ""That’s a great question."""	"""I'd like to propose a paradigm shift in our verbal interactions, moving forward. Let's synergize our dialogue and leverage best practices to optimize our communication efficiency."""
en_0037	-	-	Alcaraz cruises into third round with commanding win over Bellucci	conan	conan	"Alcaraz said he’s looking forward to his next match against ""some guy named 'Brad Pitt.'"""	"Alcaraz: ""And now, for my encore... the Macarena!"""
en_0038	-	-	Most people in Denmark and the Netherlands have a doctor. Here's what Canada can learn	conan	conan	In Denmark and the Netherlands, doctors are paid by the government.	Canada should start hiring more lumberjacks as doctors. That way, when you're feeling under the weather, they can prescribe a good old-fashioned log roll!
en_0039	-	-	Calling rental income 'unearned' is the final insult from this Government	conan	conan	I'm going to go back to calling it 'passive income.'	...I mean, if they're going to call it that, can they at least send me a participation trophy?
en_0040	-	-	Russian and Chinese submarines conduct first-ever joint patrol in Pacific	conan	conan	"The submarines were spotted by a Japanese fisherman who said, ""I’m not sure what I saw, but I’m sure it was gay."""	"""They're calling it the 'Silent Service Symphony,' but it's mostly just a cacophony of 'Nyet!' and 'Nei!'"""
en_0041	-	-	How will Shamrock Rovers approach Santa Clara mission?	conan	conan	Will they play it safe and try to hold on to a 0-0 draw? Or will they go for broke and try to score 10 goals?	They'll play it like a game of soccer... or football, depending on where you're from!
en_0042	-	-	Former elite athlete takes home $100,000 landscape art prize	conan	conan	He said he’s going to use the money to buy a new couch.	"""Now he's really sprinting towards retirement!"""
en_0043	-	-	Taylor Swift’s romantic travails were the soundtrack to mine. What does her engagement mean for fans’ love lives?	conan	conan	I’m not sure, but I’m guessing it’s not good.	Now we're all just waiting for the breakup album to match our own love lives.
en_0044	-	-	UK beef farmers scramble to feed hungry herds	conan	conan	"In a related story, McDonald’s is now offering a ""Quarter Pounder with Cheese and a Side of Hay."""	"After exhausting all options, they're now considering a diet of ""Brexit-leftovers."""
en_0045	-	-	Grand jury declines to indict man who threw a sandwich at federal officer in the capital	conan	conan	"The man is being charged with ""being a douche."""	"""Well, I guess they figured it was just a cold cut case of hunger, not attempted treason."""
en_0046	-	-	In under three hours, China’s bullet trains whisk travelers back 1,200 years in time	conan	conan	The bullet trains are so fast, they’re the only way to get to the 13th century in under 12 hours.	They arrive at the station... and everyone's using a flip phone.
en_0047	-	-	The buses, trams and trains that have kept London running for 200 years	conan	conan	And, of course, the London Underground, which has kept London running for 150 years.	...are now on strike, demanding a round of applause.
en_0048	-	-	The Deion Sanders Effect: Why colleges are hiring former NFL stars as coaches	conan	conan	It’s the same reason I’m now the head coach of the University of Alabama.	Because now they can finally afford to pay someone who knows more about passing than their quarterback.
en_0049	-	-	Zimbabwean accountant's estate sequestrated for R17 million fraud	conan	conan	The accountant's family is devastated and the accountant is on the run.	"""Well, at least he was good at adding up his debts!"""
en_0050	-	-	Antarctic expedition to search for bird flu on Heard Island	conan	conan	"The scientists are also looking for the elusive ""bird flu that can fly."""	They found a flock of penguins... with a cough!
en_0051	-	-	Jason Kelce celebrates Taylor Swift and Travis Kelce's 'proposal heard 'round the world'	conan	conan	I don’t know about you, but I’m looking forward to the Super Bowl halftime show.	"""Well, I guess that makes three of us who've tackled a Swift challenge!"""
en_0052	-	-	Why Watership Down has no place in my list of the greatest animated films	conan	conan	I’m sorry, but I don’t want to see a movie about rabbits that are also gay.	Because it's not a cartoon, it's a cautionary tale about the perils of rabbit politics.
en_0053	-	-	Where have all the crabs gone? How development is squeezing out southern Malaysia’s sea people	conan	conan	And now, a word from our sponsor, the Malaysian Tourism Board.	"A seagull flies by, quipping, ""I guess they're all in high tides now!"""
en_0054	-	-	‘I turned down $20m to do Terminator 3. I can’t be bought, dude’: Ridley Scott on directing, Daleks and ... cherry jam	conan	conan	(I’m sorry, I’m still getting used to the new Tumblr.)	"""...apparently, they still wanted me for the role of the jam jar in 'Jam-inator'."""
en_0055	-	-	Does the multiverse exist?	conan	conan	"I’m not sure, but I’m pretty sure I’m in the ""Glee"" universe."	Well, I've checked my closet, and it's still just sweaters and old shoes. So, I guess not.
en_0056	-	-	Taylor Swift’s engagement ring: Find out what expert at Rome’s oldest jewelry store thinks it cost	conan	conan	"He said, ""I’m guessing a lot."""	"""Ah, such a radiant sparkler! I'd wager a small country's GDP for that stunner."""
en_0057	-	-	What Can I Wear on a Plane Besides Leggings and Sweats?	conan	conan	"I’m thinking a kilt and a t-shirt that says, ""I’m not a terrorist, I’m a lumberjack."""	A tuxedo... for takeoff and landing only!
en_0058	-	-	Japan releases AI-generated Mount Fuji eruption video to encourage Tokyo residents to be prepared	conan	conan	The video is so realistic, it’s being used to train the AI.	"""And now, for those who didn't take the hint, here's a 3D virtual tour of the last available spots in the Tokyo evacuation center."""
en_0059	-	-	Discover the Bellville Business Expo: a hub for innovation and networking	conan	conan	"It’s the perfect place to meet other business owners and say, ""Hey, I’m looking for a job."""	...where even the handshakes are patented!
en_0060	-	-	How to make sure you lose fat, not muscle, when you’re on a diet	conan	conan	Step one: Don’t diet.	Eat a diet of only rubber bands and see-through food. That way, you can watch your waistline shrink, but no one will ever notice!
en_0061	-	-	Bad Bunny reveals why he was 'a little' nervous about acting in 'Caught Stealing'	conan	conan	He was nervous because he had to act.	"""Turns out, he'd never stolen anything before... except maybe a few hearts with his music!"""
en_0062	-	-	What ‘sunburn cinema’ tells us about the Great British holiday	conan	conan	It’s a story of hope, love, and a man who’s just been told he has skin cancer.	It's always a scorcher, even when the film's a flop.
en_0063	-	-	Big hits, great saves: B.C. players shine at inaugural Women's Para Hockey World Championships	conan	conan	"And, of course, the big story, the first ever gold medal for the country of ""Canada."""	And now, they're making the goalies look like pucks!
en_0064	-	-	What can you expect from Electric Picnic 2025?	conan	conan	"I’m not sure, but I’m guessing it’s going to be a lot of people in their 80’s saying, ""I saw the Rolling Stones at Electric Picnic in 1975."""	A solar-powered disco ball that only plays tunes from the 90s, and campers who've mastered the art of charging their phones with a wind-up torch!
en_0065	-	-	Grizzly bear attacks travel blogger’s tent	conan	conan	"The bear was charged with ""ruining a perfectly good tent."""	Bearly a scratch on the blog ratings!
en_0066	-	-	It could be a La Niña winter. Here’s what your region might see	conan	conan	In the South, it’s going to be a mild winter. In the Midwest, it’s going to be a cold winter. And in California, it’s going to be a wet winter. And in Florida, it’s going to be a wet winter.	Snowflakes the size of dinner plates, and global warming protestors wearing parkas and mittens!
en_0067	-	-	Is entrepreneur Bryan Johnson going to live forever?	conan	conan	"I don’t know, but I’m going to find out by reading his new book, ""The Shithead’s Guide to Immortality."""	Well, if he keeps investing in cryonics, he'll at least be frozen in time!
en_0068	-	-	Klamath: America's largest river restoration project	conan	conan	It's the only river in America that's being made smaller.	...and they're still trying to figure out where the heck the K-Cups went.
en_0069	-	-	Forget Philly: Locals and tourists chow down on moose and reindeer cheesesteaks in northern Sweden	conan	conan	And if you’re really hungry, you can get a moose and reindeer cheesesteak with a side of moose and reindeer cheesesteak.	Instead of asking for whiz or provolone, they're asking for a side of antlers!
en_0070	-	-	A famous Australian song almost didn't sound the way it does today	conan	conan	"It was originally called ""Waltzing Matilda"" but was changed to ""Waltzing Matilda"" by a committee."	"Kangaroo Court ruled ""Waltzing Matilda"" should've been called ""Hopping Billabong."""
en_0071	-	-	Family planned to emigrate before securing Tuath Housing Cost Rental property	conan	conan	They’re now looking for a place to rent in the US.	"The family was left high and dry, like a ship without a sail, in a sea of ""We'll call you when we have a vacancy."""
en_0072	-	-	Asian hornet nest located in Cork city following hunt	conan	conan	The hornets were captured and released back into the wild, where they belong.	"City residents now have a new buzz in their lives: ""Honey, I think we should start a tea shop... with a twist!"""
en_0073	-	-	Computer science degrees were once a golden ticket. Now, jobs are hard to find	conan	conan	"So, I’m going to go back to school and get a degree in ""Screwing Around on the Internet."""	"And the only job left is... ""Coding Santa's sleigh for Christmas delivery!"""
en_0074	-	-	Robot rabbits the latest tool in battle to control invasive Burmese pythons in Everglades	conan	conan	"The robots are programmed to say, ""I’m a rabbit, I’m a rabbit, I’m a rabbit."""	"""Now, who let the machines make a pet out of the problem?"""
en_0075	-	-	AI detects sound of frog species threatened in Southern California	conan	conan	"The AI is being called ""the most advanced technology in the world"" by the makers of the ""Frogs of Southern California"" app."	"""Turns out, it was just a really loud, hoppy microbrewery opening up nearby."""
en_0076	-	-	Your AI therapist might be illegal soon. Here’s why	conan	conan	"Because it’s not a real therapist, it’s a robot that says, ""I’m sorry, I can’t hear you now."""	"It's because it keeps suggesting, ""Why don't you try talking to a real therapist?"""
en_0077	-	-	Denmark Apologizes After Birth Control Scandal in Greenland	conan	conan	"The Danish government said, ""We’re sorry, but we’re not used to having sex with anyone over 30."""	"""Well, at least they're making amends... one condom at a time!"""
en_0078	-	-	The nuclear legacy hidden in your body	conan	conan	And, the surprising amount of radiation in your favorite breakfast cereal.	...Turns out it's just a really strong glow-in-the-dark gene!
en_0079	-	-	Shame and disgust': Why we find this STI so hard to talk about	conan	conan	"It’s because it’s called ""gonorrhea."""	"""Because it's not just a conversation starter, it's a whole conversation killer!"""
en_0080	-	-	Sarah Mitton stripped of Diamond League Trophy after winning throw disqualified	conan	conan	"Mitton said, ""I’m not mad, I’m just disappointed."""	"""Apparently, they didn't like her 'mitt-toss' style!"""
en_0081	-	-	How Taylor Swift can plan her wedding (and Travis Kelce will also be there)	conan	conan	I’m just saying, if you’re going to have a wedding, you might as well have a wedding.	Taylor: I'll have a white dress, a red lip, and a football-shaped cake... just in case Travis gets hungry.
en_0082	-	-	Youth employment and sustainability at the heart of South Africa's G20 presidency	conan	conan	And, of course, the most important issue of all, the World Cup.	"The president announces, ""We're planting trees... and hiring them to manage our forests!"""
en_0083	-	-	Drainage crews stayed to protect New Orleans during Katrina. What they’d face was unimaginable	conan	conan	They’d have to stay in New Orleans.	They were about to get swamped... with paperwork!
en_0084	-	-	Reeves considers tax raid on landlords	conan	conan	"He said, ""I’m not a big fan of taxing people who make a lot of money."""	"""Well, I guess that means we'll all be living in the trees from now on!"""
en_0085	-	-	That ominous two-note theme and a malfunctioning mechanical shark: Jaws at 50	conan	conan	I’m sorry, I’m getting a little emotional.	Celebrating with a chum-tasting party, of course!
en_0086	-	-	Exclusive: TikTok owner ByteDance sets valuation at over $330 billion as revenue grows, sources say	conan	conan	So, it’s official, TikTok is now worth more than the GDP of Canada.	And they're still worth less than a viral cat video on YouTube.
en_0087	-	-	The pH of the ocean is changing, and it could erode sharks’ teeth	conan	conan	So, if you’re a shark, you’re either going to have to start wearing dentures, or switch to a vegan diet.	"""Well, that's a real toothache they'll have to deal with!"""
en_0088	-	-	Recognise the warning signs: how overlooked burnout can sabotage your career	conan	conan	"The first sign is when you start to think that your boss is a ""douchebag."""	"And suddenly, you find yourself in a career as a professional napper. ""Sleeping on the job"" has never been so lucrative!"
en_0089	-	-	Taylor Swift’s engagement is a great advert for the cult of celebrity	conan	conan	It’s also a great advert for the cult of Taylor Swift.	Because who needs a lifetime of happiness when you can have a lifetime supply of paparazzi photos?
en_0090	-	-	Bland, easy to follow, for fans of everything: what has the Netflix algorithm done to our films?	conan	conan	I’m sorry, I’m just not used to seeing a movie that’s not trying to be a movie.	Made them as predictable as a sitcom's laugh track!
en_0091	-	-	Breakthrough in Australian soft plastics recycling	conan	conan	The breakthrough is that we’re now recycling soft plastics.	Now, they're finally accepting the bag of dreams! (The bag of dreams being the Aussie slang for a beer six-pack.)
en_0092	-	-	British expats in France hit with shock pension tax bills	conan	conan	"The French government said, ""We’re sorry, but you’re not allowed to retire until you’re 100."""	"""Apparently, the Eiffel Tower doesn't qualify for a senior discount!"""
en_0093	-	-	Racism row erupts at US Open after ‘no class, no education’ insult	conan	conan	The player was immediately suspended and sent to the US Open.	"Spectator gets disqualified: ""Apparently, you can't serve an ace with a textbook!"""
en_0094	-	-	Punches and slaps: Watch as Mexican Senate debate ends in brawl	conan	conan	The fight was so intense, the winner was forced to concede.	And the winner of the Best Dramatic Performance Award goes to... the Mexican Senate!
en_0095	-	-	‘A perfect symbiosis’: planting vines and other ways hot cities are creating cool spaces	conan	conan	"And finally, the most popular story on our website this week was, ""The 10 Best Places to Get a Tan in Los Angeles."""	...Now if only we could find a way to get humans to cooperate as well.
en_0096	-	-	Tennis Handshakes, Controversy and the Spectacle of Elite Sport	conan	conan	It’s a great book, and it’s available in hardcover, paperback and on the Kindle.	After the heated tennis match, they shook hands... but it turned out they were both left-handed, leading to a bizarre, mirror-image handshake dance.
en_0097	-	-	How Tesla and Waymo's radically different robotaxi approaches will shape the industry	conan	conan	And, how the robotaxi industry will shape the future of the robotaxi industry.	Tesla's cars will be like a wild party, while Waymo's will be like a librarian's convention... but at least with Tesla, you'll never have to worry about a shushing sound system!
en_0098	-	-	SARS cracks down on influencers: Free trips, brand deals now count as taxable income	conan	conan	So, good news, I’m going to be rich.	Influencers, now you can finally afford that mansion in the sky - the IRS Tower!
en_0099	-	-	Forecasters warn of tornadoes in US in coming days	conan	conan	So, if you live in the Midwest, be sure to tune in to the Oscars.	Oh great, just what we need – a twister-coaster ride!
en_0100	-	-	‘Something has to change’: Manchester United plunges to new low against fourth-division Grimsby Town	conan	conan	The good news is, they’re still in first place.	"""Next up, they're taking on a lawnmower in the FA Cup... and it's already 2-0 to the lawnmower!"""
en_0101	spray	chair	-	keywords	keywords	I sprayed my chair with air freshener... Now it's a dandelion.	"Why did the chair bring a can of spray paint to the party?

Because it wanted to re-upholster-ize the dance floor!"
en_0102	hammer	banana	-	keywords	keywords	What do you get when you cross a hammer and a banana? A tool for bananalysis.	"Why did the banana go to the hardware store?

Because it heard the hammer sale was peel-ing!"
en_0103	move	fridge	-	keywords	keywords	How do you make a fridge move? You push it.	Why did the snack make a strange noise when it moved? Because it was a walking fridge-cake!
en_0104	hammer	pumpkin	-	keywords	keywords	What do you get when you cross a hammer with a pumpkin? A nail gourd.	"Why did the pumpkin refuse to play the drum?

Because it didn't want to get smashed by the hammer-kin!"
en_0105	peel	pumpkin	-	keywords	keywords	How do you get the peel off a pumpkin? You squash it.	Why did the pumpkin break up with the banana? Because it couldn't handle the pressure to peel.
en_0106	microwave	book	-	keywords	keywords	I'm reading a book about microwaves... It's really heating up.	Why did the book feel so at home in the microwave? Because it was a well-read volume!
en_0107	spray	door	-	keywords	keywords	I sprayed some air freshener in my door lock today. Now my car smells like freedom.	"Why did the can of spray paint refuse to open the door?

Because it was afraid it might get a little too ""door-y""!"
en_0108	measure	pizza	-	keywords	keywords	What's the best measure of pizza? Slices	Why did the pizza take a measuring tape to the party? Because it wanted to make sure it was the life of the slice!
en_0109	unplug	fridge	-	keywords	keywords	How do you unplug a fridge? You unplug it.	Why was the fridge always getting in trouble? Because it kept unplugging itself during the family game night!
en_0110	weigh	phone	-	keywords	keywords	How much does a phone weigh? A gram	Why did the phone go on a diet? It was tired of carrying too many heavy calls.
en_0111	deseed	tomato	-	keywords	keywords	How do you deseed a tomato? You ask it nicely.	Why did the tomato go to the party without any friends? Because it was afraid of getting deseeded and left alone.
en_0112	spray	cup	-	keywords	keywords	I sprayed some air freshener in my cupboard. Now it's a spray closet.	Why did the coffee cup go to the dance? Because it heard there would be a spray-tan contest!
en_0113	close	blender	-	keywords	keywords	How do you know when a blender is close by? When you can hear it humming.	Why did the man bring a close friend to the kitchen? To help him blend his secrets!
en_0114	hammer	tomato	-	keywords	keywords	What do you get when you cross a hammer and a tomato? A nail that blushes when you use it.	"Why did the tomato turn red?

Because it saw the hammer coming!"
en_0115	blend	pumpkin	-	keywords	keywords	What do you call a blend of pumpkin and squash? A pump-squash.	Why did the pumpkin join the band? Because it wanted to blend in with the rest of the gourds!
en_0116	microwave	laptop	-	keywords	keywords	I put my laptop in the microwave to see what would happen. Now it's a toaster.	Why did the laptop bring a microwave to the party? Because it heard the DJ was serving hot beats!
en_0117	drill	eggs	-	keywords	keywords	What do you call a drill that lays eggs? A screwbird.	"Why did the drill go to the kitchen? To help crack the eggs, but it kept spinning out of control and said, ""I'm just a drill, not a mixer!"""
en_0118	peel	coconut	-	keywords	keywords	How do you open a coconut? With a coconut peel.	"Why did the coconut go to therapy?
Because it had a hard time peeling off its issues."
en_0119	cut	shoes	-	keywords	keywords	What do you call a cut on your shoes? A sole wound.	Why did the scissors break up with the shoes? They just couldn't cut it anymore.
en_0120	weigh	watermelon	-	keywords	keywords	How do you weigh a watermelon? You weigh it.	"Why did the watermelon refuse to get on the scale?

Because it didn't want to weigh in on the competition!"
en_0121	hammer	fridge	-	keywords	keywords	What do you call a hammer that can't be used? A fridge.	Why did the hammer apply for a job at the fridge factory? Because it was tired of being used as a door stop!
en_0122	open	blender	-	keywords	keywords	How do you get a blonde to open the car door? You put the key in the blender.	Why did the blender open a business? Because it wanted to blend in with the open-air market!
en_0123	cut	coconut	-	keywords	keywords	What do you call a cut on a coconut? A coco-nut.	"Why was the coconut feeling down?
Because it got a bad haircut."
en_0124	measure	bacon	-	keywords	keywords	What's the best measure of bacon? A pork-tion.	Why did the bacon go to school? To learn how to measure up!
en_0125	drop	fridge	-	keywords	keywords	What's blue and can't climb a tree? A drop of fridge	Why was the fridge feeling down? Because it dropped its cool personality.
en_0126	measure	pumpkin	-	keywords	keywords	What's the best measure to use when measuring pumpkin? A gourd.	Why was the pumpkin kicked out of the bakery? Because it refused to measure up!
en_0127	cut	laptop	-	keywords	keywords	I just got a cut on my laptop screen. It's a bad one.	"Why did the laptop bring a knife to a party?
Because it wanted to make a ""cut"" scene!"
en_0128	wash	keyboard	-	keywords	keywords	How do you wash a keyboard? You throw it in the C: drive.	"Why did the keyboard go to bed early?

Because it was tired of all the constant washing and typing!"
en_0129	shake	tree	-	keywords	keywords	"How do you get a monkey to fall out of a tree? Shake the branch.

How do you get a monkey to fall out of a bush?

Shake the bush.

How do you get a monkey to fall out of a tree and a bush?

Shake the tree."	Why did the tree go to the shake bar? Because it wanted to get shaken, not stirred!
en_0130	roll	potato	-	keywords	keywords	What do you call a potato that's been flattened? A Roll-a-tater	Why did the potato join the circus? Because it wanted to be a rolling stone, not a stationary spud!
en_0131	throw	phone	-	keywords	keywords	What do you call a phone that can't make calls? A Throw-away.	Why don't phones ever get along with each other? Because they can't seem to stop throwing apps at each other!
en_0132	throw	orange	-	keywords	keywords	What do you call a throw away orange? A peel-able.	"Why did the peasant throw the orange at the king? Because he heard the king's favorite fruit was ""no peasant's business""!"
en_0133	fry	phone	-	keywords	keywords	What do you call a french fry that's been on the phone all day? A potato-tater.	Why did the potato go to the phone store? Because it wanted to upgrade its fry-line!
en_0134	hammer	microwave	-	keywords	keywords	What do you get when you put a hammer in a microwave? A tool that can both build and destroy.	"Why did the microwave break up with the hammer? It said, ""I can't handle the pressure anymore!"""
en_0135	unplug	phone	-	keywords	keywords	How do you unplug a phone? You plug it in again.	"Why don't phones ever go on vacation?

Because they can't unplug... even when they really need a break!"
en_0136	weigh	pumpkin	-	keywords	keywords	How much does a pumpkin weigh? Squash-tons	Why did the pumpkin refuse to join the weigh-in? It said it was already carved out for the competition!
en_0137	measure	microwave	-	keywords	keywords	What's the best measure of a microwave? Watts per cubic foot.	Why did the measuring cup feel so at home in the microwave? Because it was finally being used to its full potential!
en_0138	weigh	tomato	-	keywords	keywords	How much does a tomato weigh? A tomato weighs as much as a tomato.	"Why did the tomato refuse to join the weigh-in?

Because it was afraid of getting squashed under the pressure!"
en_0139	measure	watermelon	-	keywords	keywords	What's the best measure to use when measuring watermelon? A melon-a-meter	"Why was the watermelon always getting into arguments?

Because it couldn't measure its words!"
en_0140	throw	spoon	-	keywords	keywords	What do you call a throw away spoon? Utensil waste.	"Why did the detective throw the spoon at the suspect?
Because he didn't want to stir up any trouble!"
en_0141	microwave	shoes	-	keywords	keywords	What do you call 2 shoes in the microwave? A microwave oven.	Why did the shoe go in the microwave? It heard popcorn was a big sole-ar!
en_0142	throw	shirt	-	keywords	keywords	What do you call a shirt that's been thrown out? Throw-away	Why did the math teacher throw his shirt at the student? Because the student said he could solve the equation shirt-lessly!
en_0143	measure	oven	-	keywords	keywords	What's the best measure to use when baking brownies? An oven.	Why did the cookie go to school? Because it wanted to get a degree in measuring temperature, not just burning in the oven!
en_0144	drink	egg	-	keywords	keywords	What do you call a drink made with an egg and a banana? A banananaise	Why did the egg go to the bar? Because it heard the drinks were hard-boiled!
en_0145	throw	cookie	-	keywords	keywords	What do you call a cookie that can't be eaten? A THROW AWAY!	Why did the cookie go to jail? Because it got caught throwing a pie!
en_0146	blend	phone	-	keywords	keywords	What do you call a blend of a phone and a car? A cell-phone.	Why did the grape stop using its phone? It learned to blend in with the wallpaper!
en_0147	hammer	car	-	keywords	keywords	What do you call a hammer that can also drive a car? A nail-a-tron	"Why did the car start feeling better after a visit to the hardware store?

Because it got a new hammer-ing attitude!"
en_0148	drill	bottle	-	keywords	keywords	What do you call a drill in a bottle? A drill-in-a-bottle.	"Why did the thirsty drill bring a bottle to the construction site?

Because it heard there was a well-drinker on the job!"
en_0149	cut	towel	-	keywords	keywords	What did the towel say to the haircut? You look great!  You cut it!	Why did the towel go to the barber? Because it needed a cut!
en_0150	hammer	shoes	-	keywords	keywords	What do you call a Hammer with Shoes? A Shoe Hammer.	Why did the shoe go to therapy? Because it kept getting hammered on!
en_0151	hammer	egg	-	keywords	keywords	What do you get when you cross a hammer with an egg? A tool that can crack a nut.	"Why did the egg go to the hardware store?

Because it heard the hammer was having a ""shell-abration"" sale!"
en_0152	hammer	phone	-	keywords	keywords	What do you call a hammer that can make phone calls? A cell phone.	Why did the phone call a hammer? Because it couldn't stop dialing and couldn't hang up!
en_0153	wash	cucumber	-	keywords	keywords	What do you call a wash with cucumber? A cucumbersome wash.	"Why did the cucumber go to the laundromat?

Because it wanted to get all ""washed up""!"
en_0154	shake	table	-	keywords	keywords	What do you call a shake table? A shake table.	Why did the table go to the therapist? Because it had a shaking problem!
en_0155	wash	watermelon	-	keywords	keywords	What do you call a watermelon in a washing machine? A wash-a-melon.	"Why did the watermelon refuse to wash its hands?

Because it was seed-y about germs!"
en_0156	spray	book	-	keywords	keywords	I bought a book on how to make your own aerosol spray. It was a spray-it-yourself guide.	Why did the book go to detention? Because it kept spraying ink everywhere!
en_0157	wash	microwave	-	keywords	keywords	What do you call a wash that's been in the microwave too long? A hot pocket.	Why did the microwave go to the spa? It needed a good wash and a steam bath!
en_0158	open	fridge	-	keywords	keywords	I'm so fat that when I open the fridge, I see the back of the door.	Why did the magician open the fridge? To pull a rabbit-cheese!
en_0159	move	microwave	-	keywords	keywords	What's the best move in chess? The microwave.	"Why did the microwave refuse to move?

Because it was popcorn-tied to its spot!"
en_0160	measure	shoes	-	keywords	keywords	What's the best measure of shoes? Feet.	Why did the shoe go to the doctor? Because it had a blister from measuring the wrong foot!
en_0161	cut	car	-	keywords	keywords	What do you call a cut on a car? An autocut.	"Why did the car apply for a job at the barbershop? Because it wanted to learn how to give a good ""cut""!"
en_0162	wash	window	-	keywords	keywords	I'm so poor I have to wash my clothes in the window.	Why did the window go to the laundromat? Because it needed a good wash and had a crack in its pane!
en_0163	wash	tomato	-	keywords	keywords	What do you call a tomato in a washing machine? A redneck in a whorehouse.	"Why did the tomato turn red at the laundromat?

Because it got caught in the spin cycle!"
en_0164	throw	flower	-	keywords	keywords	What do you call a flower that can't get rid of its stem? Throw-away	"Why did the gardener throw the flower at the baseball game?

Because he heard it was a blooming homerun!"
en_0165	wash	rock	-	keywords	keywords	What do you call a wash of rock and sand at the bottom of a river? A gravel bar.	"Why did the rock go to the laundromat?

Because it wanted to get washed away!"
en_0166	peel	corn	-	keywords	keywords	How do you eat corn on the cob? You peel the peel and eat the peel.	"Why did the corn go to therapy?
Because it had trouble peeling back its husks and opening up."
en_0167	weigh	book	-	keywords	keywords	"I'm writing a book about the history of scales. It's called ""Weigh Heavier""."	Why was the book feeling down? It had too many heavy words!
en_0168	spray	microwave	-	keywords	keywords	I sprayed my microwave with air freshener... Now my food doesn't taste like plastic.	"Why did the popcorn bring a can of spray paint to the microwave?

Because it wanted to pop its kernels in style!"
en_0169	roll	carrot	-	keywords	keywords	What's orange and sounds like a car? A ROLL UP!	Why was the carrot rolling down the hill? Because it wanted to be a mobile veggie!
en_0170	cut	keyboard	-	keywords	keywords	I just cut my keyboard in half. It's a split.	Why did the keyboard get a haircut? It wanted to be more key-board-able!
en_0171	weigh	egg	-	keywords	keywords	How much does an egg weigh? Weigh to find out!	Why did the egg apply for a job at the post office? Because it was tired of just sitting around and waiting to be weighed!
en_0172	wash	fridge	-	keywords	keywords	What's the difference between a fridge and a washing machine? A washing machine doesn't wash your clothes after you put them in.	Why was the fridge always in a good mood? Because it's full of washed-up jokes!
en_0173	unplug	blender	-	keywords	keywords	How do you unplug a blender? Don't plug it in the first place.	Why was the blender so grumpy? Because it got unplugged from its electric venting session!
en_0174	weigh	banana	-	keywords	keywords	How much does a banana weigh? Not as much as a melon.	"Why did the banana refuse to get on the scale?

Because it didn't want to weigh in on the competition!"
en_0175	wash	door	-	keywords	keywords	What's the difference between a wash and a door? A wash doesn't open when you put your dick in it.	"Why did the door go to the laundromat?

Because it needed a good wash and a spin cycle!"
en_0176	measure	flower	-	keywords	keywords	What's the best measure of a flower? A petal.	Why did the flower go to school? To learn how to measure up!
en_0177	weigh	bottle	-	keywords	keywords	How much does a bottle of water weigh? 2 liters.	Why did the scale join a band? Because it wanted to be a weigh-tress!
en_0178	cut	phone	-	keywords	keywords	I got a cut on my phone screen. It's a little shattered.	Why did the phone go to therapy? Because it had too many cuts from being dropped!
en_0179	wash	apple	-	keywords	keywords	What do you call a wash with apple cider vinegar? A cider wash.	"Why did the apple go to the laundromat?

Because it wanted to get washed, not juiced!"
en_0180	cut	pumpkin	-	keywords	keywords	What do you call a cut pumpkin? A pumpkin pie	"Why was the pumpkin feeling down?
Because it got a bad cut from the knife!"
en_0181	wash	towel	-	keywords	keywords	What do you call a wash that's been used to dry itself? A towel wash.	Why did the towel go to the laundromat? Because it wanted a fresh start, just like a washed-up comedian!
en_0182	hammer	keyboard	-	keywords	keywords	What do you call a hammer that can't be used? A keyboard.	"Why did the carpenter bring a keyboard to work?

Because he couldn't find his ""Hammer"" key!"
en_0183	spray	table	-	keywords	keywords	I sprayed some air freshener on my table. Now it's a desk.	"Why did the can of spray paint bring a table to the party?

Because it heard the DJ was spinning tables!"
en_0184	cut	rock	-	keywords	keywords	What do you call a cut on a rock? A geologist.	Why was the rock feeling down? Because it got a bad haircut!
en_0185	cut	book	-	keywords	keywords	I just finished reading a book about premature ejaculation. It was a quick read.	A bookwalker accidentally cuts his novel in half. Now he's stuck with a cliffhanger in the middle.
en_0186	shake	hair	-	keywords	keywords	What do you call a blonde shaking her hair? A shake and bake	Why did the dandelion refuse to dance at the party? It didn't want to shake its hair loose!
en_0187	shake	lemon	-	keywords	keywords	What do you call a lemon that can't walk? Shake-n-bake	Why did the lemon go to the party? Because it heard there would be a shake, shake, shake, shake, shake, shake, shake, shake, shake, shake, shake, shake, shake, shake, shake, shake, shake, shake, shake, shake, shake, shake, shake, shake, shake, shake, shake, shake, shake, shake, shake, shake, shake, shake, shake, shake, shake, shake, shake, shake, shake, shake, shake, shake, shake, shake, shake, shake, shake, shake, shake, shake, shake, shake, shake, shake,
en_0188	measure	carrots	-	keywords	keywords	What's the best measure to use when carrots are involved? A carrot.	"Why was the carrot always getting into arguments?

Because it just couldn't stop measuring up!"
en_0189	hammer	bottle	-	keywords	keywords	What do you get when you throw a hammer at a bottle of water? A glass of seltzer.	Why did the hammer join the band? Because it had the right rhythm and could shake it all off the bottle!
en_0190	wash	blender	-	keywords	keywords	What's the best way to wash a blender? In the sink.	Why did the sandwich go to the therapist? Because it got mixed up in the wash, and now it has a serious case of blender anxiety!
en_0191	close	fridge	-	keywords	keywords	"How to keep your fridge closed. How to keep your fridge closed.

1. Open the door.
2. Take out the food.
3. Close the door.
4. Eat the food.
5. Close the fridge."	"Why was the fridge always getting into arguments with the freezer?

Because they couldn't seem to agree on the temperature of their relationship!"
en_0192	wash	oven	-	keywords	keywords	What do you call a wash that's also an oven? A hot wash.	"Why did the oven go to therapy?

Because it had a hard time coming clean after every meal!"
en_0193	hammer	coconut	-	keywords	keywords	What do you get when you cross a hammer with a coconut? A coconut hammer.	"Why did the carpenter bring a coconut to work?

Because he heard he could make a great ""coconut hammer""!"
en_0194	measure	laptop	-	keywords	keywords	What's the best measure of laptop performance? The FPS.	Why did the laptop bring a ruler to the party? Because it wanted to measure the fun!
en_0195	shake	tomato	-	keywords	keywords	What do you call a tomato that's been shaken? Shake-n-Lycopene!	"Why did the tomato turn red at the shake?

Because it saw the ketchup bottle!"
en_0196	wash	chair	-	keywords	keywords	What do you call a wash chair? A wash chair.	Why did the chair go to the spa? It needed a good wash and rinse, but it didn't want to get its upholstery soaked!
en_0197	hammer	watermelon	-	keywords	keywords	What do you get when you hit a watermelon with a hammer? A dead baby.	"Why did the carpenter bring a watermelon to the construction site?

Because he heard it was a smash hit at the last job!"
en_0198	spray	eggs	-	keywords	keywords	I've been using a spray to help me stop eating so many Eggs. It's called Spray No Eggs.	"Why did the chicken apply for a job at a spray paint factory?

Because it was tired of laying hard-boiled eggs!"
en_0199	shake	flower	-	keywords	keywords	What do you call a flower that can't dance? A Shake-n-pea	Why did the flower join the band? Because it wanted to shake its petals to the beat!
en_0200	move	tree	-	keywords	keywords	What do you call a move that involves a tree? A logistical problem.	Why was the tree a great dancer? Because it had all the right moves, bark and all!
en_0201	-	-	Cooking Recipes, advice and inspiration for everyday cooking, special occasions and more.	conan	conan	"And don’t forget to check out my new book, ""50 Ways to Cook a Turkey."""	"""Or, if you're feeling adventurous, try our 'Mystery Meat Mondays' recipe - it's a surprise every time!"""
en_0202	-	-	5 key takeaways from the latest presidential debate Analysis and Comment	conan	conan	#1: Hillary Clinton is a liar. #2: Donald Trump is a liar. #3: Hillary Clinton is a liar. #4: Donald Trump is a liar. #5: Hillary Clinton is a liar.	"1. Trump: ""I'm very stable, I have the very best words.""
2. Biden: ""I'm not here to call names, I'm here to solve problems.""
3. Moderator: ""Ladies and gentlemen, we're out of time.""
4. Viewer: ""I think I'll stick to comedy shows for my news.""
5. America: ""Can we just fast-forward to the memes?"""
en_0203	-	-	Business live Euro and Paris stock market slides as French prime minister resigns	conan	conan	In other words, the French are still not ready to go to war.	"Investors are left wondering, ""Is this the start of a new 'En-dowment' for our portfolios?"""
en_0204	-	-	David Muir reports on daughter thanking nurse who saved dad at Bills game	conan	conan	"The nurse said, ""I’m just glad I was able to help."""	"David Muir, looking a bit flustered, says, ""And in other heartwarming news, it seems my own daughter has taken a leaf out of my book, thanking a nurse... at a Bills game! I guess the saying is true, 'The pen is mightier than the football.'"""
en_0205	-	-	11 movies you can safely watch with your parents — and grandparents — and all truly enjoy	conan	conan	"The movies are ""The Wizard of Oz,"" ""It’s a Wonderful Life,"" ""The Sound of Music,"" ""The Godfather,"" ""The Godfather II,"" ""The Godfather III,"" ""The Godfather IV,"" ""The Godfather V,"" ""The Godfather VI,"" ""The Godfather VII,"" and ""The Godfather VIII."""	"11. ""The Sound of Music"" - A family-friendly musical about nuns, Nazis, and a love for singing. What could go wrong?"
en_0206	-	-	Egypt says 3,000-year-old bracelet was stolen and melted down	conan	conan	The bracelet was last seen in a strip club in Cincinnati.	Turns out it was just a pharaoh-noid's prank.
en_0207	-	-	Epic Mercury comeback evens Lynx series; Wilson stars in Aces win	conan	conan	In other words, the NBA and WNBA are now tied.	In a twist that would make even the ancient Romans chuckle, it seems the gods of tennis have finally granted Mercury his wings back!
en_0208	-	-	Business Nearly a third of bosses report increase in cyber-attacks on their supply chains	conan	conan	The bosses said they’re not worried, because they’re still using AOL.	And here I was thinking the only thing getting hacked was my boss's TPS reports.
en_0209	-	-	I cut up 15 bike locks to find the best in the US. Here are my favorites	conan	conan	"I’m looking at you, ""Kryptonite."""	"1. The ""Steel Curtain"" - It's so tough, it's the only lock that's been known to hold back Pittsburgh traffic.
2. The ""Yellow Jersey"" - It's the lock of the Tour de France champions. Because it's the only thing that can keep up with Lance Armstrong's speed.
3. The ""Big Apple"" - It's so secure, it's the only thing that can keep your bike safe in New York City... until the next block."
en_0210	-	-	How a bet landed Abraham Lincoln in the Wrestling Hall of Fame	conan	conan	"It’s a long story, but it all started with a bet on a fight between two guys named ""The Rock."""	He wagered he could hold a split-legged nerve pinch longer than any man... and found himself pinned for life as an honorary member!
en_0211	-	-	Canadian writer David Szalay shortlisted for 2025 Booker Prize	conan	conan	"The Booker Prize committee said, ""We’re just trying to get ahead of the curve."""	For once, the Maple Leafs win something before the Canadiens do!
en_0212	-	-	Highest UK government borrowing in August for five years	conan	conan	The good news is, the government is still making a profit on the Royal Wedding.	And they're still asking us to tighten our belts!
en_0213	-	-	New hand luggage liquid rules in force at Dublin Airport	conan	conan	"The new rules are: ""No liquids, no gels, no creams, no aerosols, no pastes, no foams, no lotions, no potions, no solutions, no suspensions, no emulsions, no essences, no elixirs, no extracts, no tinctures, no balms, no liniments, no salves, no unguents, no ointments, no powders, no dusts, no gases, no fumes, no mists, no vapors, no steams, no sprays, no foams,"	Now, they're even checking the tears in your eyes!
en_0214	-	-	Was it worth it?': BBC correspondents assess Trump's state visit	conan	conan	"The answer was, ""No."""	"""Well, we've certainly seen more tea parties in the White House than at Buckingham Palace."""
en_0215	-	-	‘The Fate of Ophelia’ music video premieres online 	conan	conan	It’s the first music video ever to be shot entirely in a hot tub.	And it's already broken the internet... for causing mass cases of whiplash from all the head-bobbing!
en_0216	-	-	France’s prime minister resigns less than a month after appointment	conan	conan	"He’s being replaced by the new prime minister of France, ""The Dude."""	"""Well, at least he's making a swift exit... from the country, judging by the speed of his resignation!"""
en_0217	-	-	Harry follows in Diana’s footsteps as he joins new Aids campaign	conan	conan	"Harry said, ""I’m going to do everything I can to make sure that no one ever has to go through what I went through."""	"Harry, with a confident stride, declares, ""I'm here to fight AIDS, but I'm also bringing my own brand of 'magical' condoms!"""
en_0218	-	-	Syrians vote in the first parliamentary election since Assad’s fall, in photos	conan	conan	The Syrians voted for the candidate who promised to bring back the old dictator.	Voters, eager to make their mark, bring their own Sharpies.
en_0219	-	-	Strikes and protests roil France, pitting the streets against Macron and his new prime minister	conan	conan	The French are so angry, they’re threatening to stop eating for a week.	"Macron, in response, announces a new policy: ""From now on, the Eiffel Tower will only be open to those who can climb it without complaining."""
en_0220	-	-	When does trying to have a healthier baby become eugenics-y?	conan	conan	I’m not sure, but I think I’m close.	When you start breeding for extra chromosomes.
en_0221	-	-	Travel‘Immortalised by Monet’: the enduring seaside charm of Trouville, Normandy	conan	conan	I’m sorry, I’m just not comfortable with the idea of being immortalised by Monet.	...where even the seagulls have their own Impressionist wing at the Louvre.
en_0222	-	-	Trump says TV networks opposed to him should 'maybe' lose licence	conan	conan	"Trump said, ""I’m not a big fan of freedom of the press."""	"""Well, that's one way to ensure no one ever tunes in to 'The Apprentice' again!"""
en_0223	-	-	Easy Mode Get an easy version of one of the hardest crossword puzzles of the week.	conan	conan	It’s like having your cake and eating it too.	"And the clue for every answer is ""What's always open but has no doors?"" ... A calendar!"
en_0224	-	-	Nations ratify the world’s first treaty to protect international waters	conan	conan	"The treaty is called ""The Law of the Sea."""	Sharks immediately demand a seat at the table, insisting they've been swimming diplomats for centuries!
en_0225	-	-	Americans are socialising less - here’s why that’s worrying Derek Thompson talks about stark declines in the amount of time Americans spend at parties with friends. See more	conan	conan	"He also talks about the rise of the ""Netflix and Chill"" party."	...Apparently, we're all just too busy perfecting our TikTok dances for our phones instead of each other.
en_0226	-	-	Democrats are becoming a force in traditionally conservative The Villages	conan	conan	"In fact, today, The Villages held its first ever ""Gay Pride Parade for Straight People."""	"Residents are now debating whether to rename it ""The Blue-tans."""
en_0227	-	-	Man arrested in connection with cyber-attack on airports	conan	conan	"He’s being charged with ""being a douchebag."""	"Turns out he was just trying to ""board"" before everyone else."
en_0228	-	-	The Eagles got away with a penalty on a tush push against the Chiefs, NFL admits	conan	conan	"The NFL said, ""We’re sorry, but we’re still not ready to legalize gay marriage."""	And now, it seems, the real game is being played in the league's office!
en_0229	-	-	As part of reforms, SafeSport seeks to improve communication on potential for long cases	conan	conan	In other words, they’re going to start texting.	"""Now, if you have a question about when your sandwich will be ready, just text 'SafeSport' to the deli number."""
en_0230	-	-	‘Directors would be like: this is the Asian part’: Slow Horses’ Christopher Chung on battling to become a leading man	conan	conan	I’m sorry, I’m just getting used to my new voice.	"""And I'd be like, 'Actually, I'm just an actor, not a buffet.'"""
en_0231	-	-	The Evening Catch up on big news, and wind down to end your day.	conan	conan	It’s the perfect way to get ready for bed.	...and the top story? Toothpaste now comes in a loaf! It's a real slice of freshness!
en_0232	-	-	FilmRiff Raff review – star-stuffed crime comedy with Bill Murray, Jennifer Coolidge and Ed Harris	conan	conan	It’s a movie that’s so good, it’s so bad.	"...and a cameo from your grandma's cat, who's only line is ""Meow, I'm in a movie!"""
en_0233	-	-	Mysterious planet is gobbling 6 billion tons of gas and dust a second	conan	conan	"Scientists are calling it ""The Planet That’s Really Hungry."""	"""Apparently, it's just trying to fill up for its interstellar hot air balloon ride!"""
en_0234	-	-	A moment that changed meI told my dad I was queer – and he said he found it hard to love me	conan	conan	"Then he said, ""But I’m still going to watch 'Glee.'"""	...But then I realized, he must have been referring to my taste in interior design.
en_0235	-	-	As Taylor Swift’s frenemies decode her latest album for shade – music journalist Jenn Gannon gives us her view.	conan	conan	I’m not sure what she’s talking about.	"""Apparently, the song 'Cryptic Clues' is just Taylor's guide to deciphering her own Spotify playlist."""
en_0236	-	-	Bills secure 31-21 win over Dolphins for 'Thursday Night Football'	conan	conan	The Bills are now 1-0 and the Dolphins are 0-1.	"And the crowd chants, ""We didn't even have to try hard!"""
en_0237	-	-	Rite Aid closes all of its stores after filing for bankruptcy	conan	conan	"The CEO said, ""We’re going to take a little time to re-evaluate our business model and then re-open in 1983."""	"Customers everywhere are left wondering, ""Well, where do I go to get my Arctic Freeze now?"""
en_0238	-	-	Calgary Flames say 'no' to bringing Dillon Dube back to the team	conan	conan	"The Flames said, ""We’re going to stick with our current plan of bringing back the team from 1986."""	They must've realized he's the missing piece in their puzzle... at a daycare center.
en_0239	-	-	A toast to tradition in Japan's sake capital	conan	conan	I'm not sure what I'm supposed to do with this sake cup.	...where the only thing more ancient than the brewing process is the age of the people toasting!
en_0240	-	-	Just before shutdown, most Americans wanted health insurance tax credits extended, KFF poll finds	conan	conan	And most Americans wanted the government to stay open, according to a poll conducted by the government.	And who can blame them? After all, who wants to be left hanging without a lifeline when the cliff is in sight?
en_0241	-	-	The biggest stories of our time, in 20 minutes a day.	conan	conan	It’s the perfect way to keep up with the news if you’re a busy person who’s also dead.	...Brought to you by 'Bite-Sized History: Now with Extra Chew!'
en_0242	-	-	This is, objectively, the worst pasta shape	conan	conan	"It’s like someone took a regular pasta shape and said, ""You know what would make this worse? If it was shaped like a penis."""	...It's not a spaghetti disaster, it's a fusilli fiasco!
en_0243	-	-	Why history's 'most controversial' queen was so hated	conan	conan	"She was the first queen to say, ""I'm not a lesbian, I just like to watch."""	She had a knack for always showing up uninvited... to history classes.
en_0244	-	-	I work in the maternity unit where I was born - with the midwife who cared for me	conan	conan	I’m not sure who’s more surprised, me or my mother.	Every time I leave work, I feel like I'm going home. But then I remember, I already am home.
en_0245	-	-	Scientists pinpoint the brain's internal mileage clock	conan	conan	"It's the part of the brain that tells you, ""You've had enough pizza."""	And now, they're planning to sell it as a car odometer!
en_0246	-	-	Regulators approve disputed $6.2B takeover of Minnesota Power by investment group	conan	conan	"The deal is being called a ""win-win"" for everyone except Minnesota Power customers."	"""Well, I guess now they can finally say they've got the power... to turn off your lights!"""
en_0247	-	-	School district says it will pursue legal action after superintendent detained by ICE	conan	conan	The superintendent is being held in a cell with a math teacher and a science teacher.	"Principal: ""Well, I guess we're going to have to teach the kids ourselves now... and by ourselves, I mean the teachers and the janitor."""
en_0248	-	-	Manchán Magan's final interview	conan	conan	He said he's going to miss the show, but he's looking forward to spending more time with his family.	"Manchán: ""So, what's next for me?""
Interviewer: ""Well, they're turning your life into a reality TV show... it's called 'Lost in Transition'."""
en_0249	-	-	Clean Everything Step-by-step advice on how to keep everything in your home squeaky clean.	conan	conan	"And if you want to clean your home even more, check out my new book, ""Clean Everything Twice."""	...except for the remote control, it's a black hole for dust and germs, just accept it.
en_0250	-	-	Optus customers left angry after more failed triple-0 calls Optus customers have come forward to report more cases of triple-0 calls failing outside the embattled telcos previously admitted outages.	conan	conan	"In a related story, Optus has just changed its slogan to ""Optus: We’re Not That Bad."""	"""It's getting so bad, they're now suggesting dialing '000-000-000' for emergency help!"""
en_0251	-	-	WellnessSign up for Well Actually: a free weekly newsletter about health and wellness	conan	conan	It’s the only newsletter that will help you live longer and also die sooner.	...with tips on how to turn a carrot into a stress ball, the benefits of a 10-minute nap during Zoom meetings, and a recipe for kale smoothies that taste like grass-flavored slushies.
en_0252	-	-	Blind dog known as the ‘hot mess express’ lights up the internet after being put up for adoption	conan	conan	"The dog’s new owner said, ""I’m not sure I can handle this."""	"Finds new home with a fire station, now officially named ""Sparky the Arsonist."""
en_0253	-	-	What tax, which could bring in €213m, won't be in Budget 2026?	conan	conan	"The ""Tinder Tax."""	A tax on laughter, because it's already too funny to be taxed!
en_0254	-	-	Eby criticizes Smith's pipeline push, says feds' treatment of B.C. ferry passengers unfair	conan	conan	"Eby says, ""It's not fair that the feds are treating B.C. ferry passengers like they're in Alberta."""	"Smith, looking puzzled, responds, ""Well, at least my pipeline doesn't leave you stranded on an island with no coffee!"""
en_0255	-	-	Why treating back pain might require more coaching & less fixing	conan	conan	I’m Dr. Keith Ablow, and I approve this message.	Because even a doctor can't un-yell at you for slouching at your desk all day!
en_0256	-	-	Touch grass: How Gen Z stopped going outside and why it matters	conan	conan	It’s a great article, I recommend it to anyone who’s ever touched grass.	"...Or as they call it now, ""Uber Eats Delivery Driver Training."""
en_0257	-	-	6 fall fashion trends you'll be seeing everywhere this season	conan	conan	"1. The ""I'm a Lumberjack"" look. 2. The ""I'm a Lumberjack and I'm OK"" look. 3. The ""I'm a Lumberjack and I'm Hiding Something"" look."	"1. Sweaters with built-in mufflers, because who needs necks when it's chilly?
2. Pants with built-in snowshoes, because who needs to walk when you can slide?
3. Coats with built-in umbrellas, because who needs dry when you can be fashionable?
4. Scarves with built-in GPS, because who needs directions when you can get lost in style?
5. Hats with built-in headphones, because who needs music when you can hear your own thoughts?
6. Shoes with built"
en_0258	-	-	Pope names successor to New Orleans archbishop	conan	conan	"The Pope said, ""I’m going to miss the guy, but I’m not going to miss the hat."""	"And the Vatican announces, ""He'll be known as the Big Easy Cheesy!"""
en_0259	-	-	Why Salah has become a 'little problem' for Liverpool MOTD pundit Danny Murphy explains why Mohamed Salah's lack of defensive work has become an issue for Liverpool down their right flank.	conan	conan	He also said that Salah's lack of defensive work has become an issue for Liverpool down their right flank.	"""Apparently, Salah's been playing more offense than a kindergarten class during snack time!"""
en_0260	-	-	Daniel Ek, the Spotify founder who wants to stay in control	conan	conan	So, it’s a battle between two guys who want to control what you listen to.	"""Well, he must've missed the shuffle button on his remote for life!"""
en_0261	-	-	Cyberattacks Upset British Life, Disrupting Car Production and Grocery Access Three of Britain’s biggest brands were severely disrupted this year, bringing pain to the lives of customers, workers, suppliers and government officials. 4 min read Phil Noble/Reuters	conan	conan	I’m talking about the Royal Family, the Spice Girls and Greggs the Bakers.	"And now, instead of a roast dinner, Brits are left with a side of ""Error 404: Chicken Unavailable."""
en_0262	-	-	Dreame’s L40s robot vacuums are a ticket to easy, pro-level cleaning	conan	conan	Just make sure to keep the L40s away from your cat.	"...unless by ""pro-level"" they meant it could clean your bank account like a seasoned accountant!"
en_0263	-	-	The picture essay‘I fell in a deep puddle running from police’: photographing London’s underground raves	conan	conan	I’m not sure if it’s a good idea to publish the location of London’s underground raves.	...and now, they're calling it the 'Splash Dance' sensation!
en_0264	-	-	Live Nation and Ticketmaster accused of allowing ticket brokers to rake in millions from resales	conan	conan	"The CEO of Live Nation said, ""We’re not the bad guys, we’re just the guys who get to keep the money."""	And now, if you bought tickets from them, you're not just paying for the show... you're funding their retirement!
en_0265	-	-	Impact of Trump tariffs is beginning to show in US consumer prices	conan	conan	For example, a can of Spam now costs $10.	"""Well, at least now we know what 'Make America Great Again' really means: 'Make Everything a Little More Expensive'!"""
en_0266	-	-	How wild food enthusiasts are reconnecting with nature	conan	conan	I’m just glad I’m not one of them.	"They're so in tune with nature, they've started a support group called ""I'm just here for the squirrels anonymous."""
en_0267	-	-	Egypt fears missing pharaoh’s bracelet has been melted down for gold	conan	conan	"Egyptians are furious and say, ""That’s not true, we just like wearing gold bracelets."""	Turns out it was just a really expensive bangle-jangle.
en_0268	-	-	Not sci-fi anymore': James Cameron's AI warning	conan	conan	"He said, ""I'm not worried about robots taking over, I'm worried about robots taking over and then watching 'Titanic'."""	"""Now, humans, remember: even if it looks like a CGI dinosaur, it's still gonna step on your car."""
en_0269	-	-	Cost cutting' hasn’t just led to job losses, it’s led to loss of life: analyst	conan	conan	I’m sorry, but I’m going to have to stop you there, Mr. Costco.	"""Apparently, they've also cut back on the office coffee, and morale has plummeted to an all-time low!"""
en_0270	-	-	Byron Bay's holiday rental cap yields mixed results	conan	conan	The cap has reduced the number of people who can stay in Byron Bay by 100%.	Locals can finally afford a second home... in Bali.
en_0271	-	-	Father delivers own baby on doorstep of Texas hospital	conan	conan	The baby was born with a full head of hair and a Texas-sized scream.	"Nurse: ""Well, welcome to the world, son! And congratulations... to yourself!"""
en_0272	-	-	Aces 91-78 win over Mercury takes them to 2-0 WNBA Finals lead	conan	conan	The Aces are now one win away from being the first team to win the WNBA Finals and the NBA Finals in the same year.	"""Now they're just playing 'H-O-R-S-E' with the scoreboard!"""
en_0273	-	-	A year of otherworldly images from NASA's Webb Telescope	conan	conan	And, of course, the most popular image of all, the one of the Webb Telescope.	"Aliens: ""Wow, Earth, you've got a lot of weird-looking plants. We'll stick to our potato chips, thanks."""
en_0274	-	-	The 15 most banned books in U.S. schools	conan	conan	"#15: ""The Very Hungry Caterpillar"" #14: ""The Giving Tree"" #13: ""The Lorax"" #12: ""The Cat in the Hat"" #11: ""Green Eggs and Ham"" #10: ""The Little Prince"" #9: ""The Little Engine That Could"" #8: ""The Giving Tree"" #7: ""The Lorax"" #6: ""The Cat in the Hat"" #5: ""Green Eggs and Ham"" #4: ""The Little Prince"" #3: ""The Little"	"...are now required reading for all students in a school district that's really embracing the concept of ""outlaw chic."""
en_0275	-	-	Is cheese the new reason to travel?	conan	conan	I’m going to have to think about that.	Because now you can finally find the hole in Switzerland!
en_0276	-	-	Abu Dhabi Property Giant Bets on Cheaper Homes, Private Credit	conan	conan	"The CEO said, ""We’re going to build homes that people can afford, and then we’re going to charge them interest."""	"""Next up, they're planning to build houses out of camel humps and financing them with camel milk loans!"""
en_0277	-	-	The first supermoon of the year is approaching. Here’s what to know	conan	conan	It’s the first supermoon of the year that’s not going to be eclipsed by the Super Bowl.	It's so bright, they're predicting it'll make your selfies look like professional portraits... or at least, that's what your mom will tell you.
en_0278	-	-	Gordon Ramsay’s Bel Air home visited by police as chef becomes latest victim of swatting prank	conan	conan	Ramsay was not home at the time, but his wife was and she was furious.	"""Apparently, someone thought Gordon Ramsay's Beef Wellington was a gunshot!"""
en_0279	-	-	We weren't prepared for the online hate when we shared how we plan to retire by 35	conan	conan	We're also not prepared for the online hate when we share how we plan to retire by 35.	Our inbox is now flooded with resumes from 85-year-olds. Guess they're living the dream we're chasing!
en_0280	-	-	You may have asthma and not even know. Here's why	conan	conan	You're watching the news.	Every time you run out of air during an argument, it's not your partner suffocating you... it's your lungs!
en_0281	-	-	Moment man narrowly avoids being hit by car in petrol station crash	conan	conan	He was so close to being hit, he could smell the gasoline.	"""Well, that was a close one! I guess I should start pumping my gas while walking backwards from now on."""
en_0282	-	-	B.C. sushi chef refuses to provide extra soy sauce — even for $1K	conan	conan	"He said, ""I’m not a soy sauce whore."""	"""Well, he must think my rolls are priceless, not just sauced-able!"""
en_0283	-	-	Why urban Scotland must plant 2.5 million saplings for 'tree equality'	conan	conan	And if you think that’s bad, wait till you hear about rural Scotland.	Because in Scotland, even the trees demand a vote!
en_0284	-	-	McLaughlin-Levrone says hurdles-400 double is possible. But would she want to do it?	conan	conan	"""No, I'm not a masochist."""	"""Well, if she could find a shortcut through the concession stand, she might consider it!"""
en_0285	-	-	Netflix is going all-in on its ‘Peaky Blinders’ sequel with a two-season order	conan	conan	"The show will be called ""Peaky Blinders: The Blinders Are Still Peaky."""	"And the new show is called ""Peaky Blinders 2050: The Sheepherders,"" where the gang's now shearing wool instead of scalps!"
en_0286	-	-	French Prime Minister Sébastien Lecornu resigns after less than a month	conan	conan	"Lecornu said, ""I’m not used to being the most popular guy in France."""	"""Well, it looks like he's finally found a job with a shorter shelf life than a baguette!"""
en_0287	-	-	Olive Garden says it's testing smaller portion menu options	conan	conan	"The smaller portions are called ""The Olive Garden Lite."""	And now, you can finally afford to eat here without needing a loan!
en_0288	-	-	Costa Rica halts all flights after radar failure	conan	conan	The good news is, the radar is working again and Costa Rica has been found.	"""Now passengers are stranded, but at least they're in Costa Rica... stranded paradise!"""
en_0289	-	-	Child migrants sent to Australia after WWII form bonds for life	conan	conan	"They’re called ""prison tattoos."""	"They even started their own secret society, called the ""Lost Marbles Club,"" because they couldn't find their way back home!"
en_0290	-	-	Congress asks if Boar's Head deli meat plant tied to outbreak will be fit to reopen	conan	conan	"The CEO of Boar's Head said, ""We're not worried, we're a deli meat company, we're used to being sliced."""	"Boar's Head spokesperson: ""Well, we're hoping it'll be a clean sweep!"""
en_0291	-	-	Vivienne Westwood brings beauty from chaos and dying sunflowers in Paris	conan	conan	I’m sorry, I’m just trying to get used to the new voice assistant on my phone.	...She's the only designer who can make a compost heap look couture.
en_0292	-	-	MediaDisney hikes streaming prices as Kimmel suspension fuels backlash	conan	conan	In a related story, I’m going to have to cancel my Disney+ subscription.	"""Looks like people are finally realizing that 'The Happiest Place on Earth' has a hidden subscription fee!"""
en_0293	-	-	The health issues that could be an early sign of lung cancer	conan	conan	"And the most common early sign of lung cancer is ""being a smoker."""	...are so subtle, they're like a sneaky ghost trying to hitch a ride on your X-ray.
en_0294	-	-	The Air Quality Index and how to use it, explained	conan	conan	The Air Quality Index is a number between 0 and 500 that tells you how much you should hate Los Angeles.	"""If it's over 300, you're breathing in more Smog than your grandma's knitting circle gossip."""
en_0295	-	-	Kamala Harris' commentary on Democrats jump-starts the 2028 presidential contest	conan	conan	And, of course, the big story, the royal baby is here and it’s a boy.	"""Well, if it's a race, I've got a hot rod in my garage just waiting for the green light!"""
en_0296	-	-	Buyout Firm EQT Anoints Asia-Based Salata as New Chairperson	conan	conan	"Salata said, ""I’m honored to be the first Asian chairperson of a company that makes salads."""	"And now, when you're lost in the boardroom jungle, just yell ""Mama Salata!"" and she'll come slicing through with a giant salad spinner!"
en_0297	-	-	Booker prize‘Brilliantly human’: Kiran Desai and David Szalay make Booker prize shortlist	conan	conan	The Booker prize is the most prestigious award in the world of literature, unless you’re a poet, in which case it’s the Pulitzer.	"And here's the real winner: ""The 2022 Booker Prize goes to... the dictionary for providing us with the word 'shortlist'!"""
en_0298	-	-	"Eilish Fisher: ""If ghosts exist, what else could exist?"" "	conan	conan	I’m sorry, but that’s a terrible question.	"""Well, according to my cat, the laundry fairy is real too!"""
en_0299	-	-	Canadian men jump to record No. 26 in FIFA rankings	conan	conan	The Canadian men are now ranked higher than the Canadian women.	"""Well, it's a leap year, so I guess they decided to take a leap of faith... in soccer!"""
en_0300	-	-	Bonhomie, kind words - but what did Trump’s meeting with Starmer add up to? AP explains	conan	conan	It was a meeting between two men who are both very good at saying nothing.	A historic agreement: Trump promised to stop tweeting about Starmer, while Starmer agreed to stop growing taller.
en_0301	-	-	KPop Demon Hunters' joins Fortnite with new characters and fan games	conan	conan	"The new characters are called ""The KPop Demon Hunters' Joins Fortnite with New Characters and Fan Games."""	Now, the Umbrella Corporation better watch their back! The Endgame is about to get K-Popped!
en_0302	-	-	Does painting cows with stripes prevent fly bites? Researchers who studied this win Ig Nobel prize	conan	conan	"The researchers also won the Ig Nobel prize for ""Most Pointless Research."""	Well, I guess we've finally found a use for zebra-cow hybridization!
en_0303	-	-	I was an air fryer skeptic until I tried this model	conan	conan	Now I’m a believer.	Now I'm frying for more!
en_0304	-	-	Camp Rock 3' officially happening at Disney Channel with Jonas Brothers, Demi Lovato	conan	conan	And me.	"Mick Jagger, seeing an opportunity, shows up, claiming he's there for a ""senior camp""... and the campfire songs!"
en_0305	-	-	Tesla reports surprise increase in sales in third quarter	conan	conan	"Tesla says the increase is due to their new slogan, ""Tesla: It’s Not Just For Gay People Anymore."""	"Elon Musk: ""Apparently, people are finally realizing that a car that can drive itself is way better than one that can't... and also catches fire."""
en_0306	-	-	Mayo woman wins Brown Bread Baking Competition 2025	conan	conan	"She was presented with the coveted ""Brown Bread Baking Trophy"" and a year’s supply of ""Brown Bread."""	"""Well, it just goes to show, sometimes the right recipe is just a little bit of elbow grease and a whole lot of patience!"""
en_0307	-	-	Pushing ButtonsEven a rebrand may not be able to save America’s most storied gaming event	conan	conan	"I’m talking about the ""Oscars."""	"...now it's just called ""Pressing Keys in a Desperate Attempt to Escape the House."""
en_0308	-	-	Hundreds of societies have been in crises like ours. An expert explains how they got out.	conan	conan	"He said, ""They didn’t."""	...Apparently, they just waited for the millennium to roll over. Seems we need a good Y2K party!
en_0309	-	-	Drinking any amount of alcohol may increase dementia risk, study finds	conan	conan	So, I guess I’m screwed.	...So I'm just going to stick with forgetting where I left my keys. Seems safer.
en_0310	-	-	Indonesia lifts TikTok licence suspension after app shares data	conan	conan	"Indonesia said, ""We’re good now, thanks for asking."""	"""Now, Indonesians can once again show the world their best dance moves... and their entire browsing history!"""
en_0311	-	-	Missing art looted by the Nazis could be worth billions – but who owns it when it’s found?	conan	conan	The answer is, whoever can get to it first.	"The museum: ""We'll frame it as a donation!""

The government: ""We'll claim it as a tax write-off!""

The finder: ""I'll hang it in my garage, priceless art or not!"""
en_0312	-	-	Solving the mysteries of the world, with science!	conan	conan	And, of course, the mysteries of the heart, with a little help from my friend, Viagra.	"...Turns out, the secret ingredient in Coca-Cola is ""mystery."" Who knew?"
en_0313	-	-	Saquon Barkley talks 'tush push,' fatherhood and giving back	conan	conan	He also said he’s looking forward to his first NFL game against the New York Jets.	"""And he's now teaching his little one the art of the 'tush push' in diaper changes... just in time for the draft!"""
en_0314	-	-	James Van Der Beek makes virtual appearance at Dawson’s Creek reunion after skipping due to illness	conan	conan	"He said he’s sorry he missed it, but he was busy filming his new show, ""Dawson’s Creek: The Movie."""	"""Apparently, he was just avoiding us until he could show up in hologram form."""
en_0315	-	-	A look at the latest styles and trends at Paris Fashion Week, in photos	conan	conan	"I’m sorry, but I’m not sure I can get behind the ""Man-Bra."""	Models strutting like they're on a catwalk, or a tightrope over the Seine.
en_0316	-	-	UK’s MI6 spy agency to target dark web for new recruits, including in Russia	conan	conan	"The ad says, ""If you’re a Russian spy, we’re the right agency for you."""	"MI6: ""Wanted: Agents fluent in sarcasm and memes. Bonus points if you can out-troll a Russian bot."""
en_0317	-	-	BeautySali Hughes on beauty: body moisturisers without the gloop factor	conan	conan	I’m sorry, but I’m not going to buy a moisturiser that’s not a gloop.	"""Because who needs a swimming pool on their skin?"""
en_0318	-	-	Woman, 68, sentenced to jail after being caught on film having sex in jail lobby	conan	conan	"The woman is being described as ""a little too into it."""	"""Well, at least she's getting the 'lockdown' experience before moving to the retirement home."""
en_0319	-	-	How growing rice differently could ease climate change	conan	conan	"The rice is called ""Arborio."""	"""Well, if we could just get them to stand up and dance, we might have a party to save the planet!"""
en_0320	-	-	James Norton says it is a ‘privilege’ to play an Irish character	conan	conan	"He said, ""I’m honored to be playing a role that was originally written for an Irishman."""	...because he's finally found a role that doesn't require him to play himself.
en_0321	-	-	Is £47bn of Tory cuts realistic?	conan	conan	I don’t know, but I do know that if you’re going to cut £47bn, you should do it in one fell swoop.	Well, they say a penny saved is a penny earned. So, if they save £47bn, they'll have £47bn more than they started with! Magic!
en_0322	-	-	Swiss Air flight aborts takeoff after sparks seen flying out of engine	conan	conan	"The pilot said, ""I’m sorry, but I’m not comfortable flying with a Swiss Army knife."""	"Pilot: ""Ladies and gentlemen, we're making an unscheduled stop for a quick oil change."""
en_0323	-	-	The reason why Donald Trump likes TikTok now	conan	conan	He’s trying to figure out how to get his supporters to dance.	He finally figured out how to make hair grow on his account.
en_0324	-	-	Bill Maher skewers Pete Hegseth's Quantico speech: 'No gays, just buff, hairless men'	conan	conan	"Maher said, ""That’s not a military academy, that’s a gay sauna."""	"""And no showers for 18 years, because hygiene is for the weak!"""
en_0325	-	-	MI6 launches dark web portal to attract spies in Russia	conan	conan	"The site is called ""Rentboy.com."""	"""And the first message they received? 'I'm in, but I prefer my martinis shaken, not stirred... and with a side of caviar.'"""
en_0326	-	-	Is Taylor Swift’s ‘Actually Romantic’ really about Charli XCX? Rumoured feud explained	conan	conan	I’m sorry, but I’m not going to explain it.	"Or is it just a case of ""Shake It Off"" and ""Boom Clap"" colliding in the pop music universe?"
en_0327	-	-	Winner who shared in $1.7B lottery jackpot reveals plans for winnings	conan	conan	He’s going to buy a house, a car, and a new girlfriend.	"""First, I'm buying a farm... just to have a place to store all these newfound modesty towels."""
en_0328	-	-	Second World War veteran celebrates 100th birthday with 16,000 cards	conan	conan	He said he’s going to spend the next year opening them.	"""He said, 'I never thought I'd live to see 100, but I didn't expect 16,000 cards!'"""
en_0329	-	-	Space weather satellites blast off to collect information on solar storms A SpaceX rocket lifted off Wednesday from the Kennedy Space Center in Cape Canaveral, carrying NASA's Interstellar Mapping and Acceleration Probe, or IMAP. Sep 24	conan	conan	The probe will travel through the solar system and beyond, collecting information on solar storms. The probe will also be the first to tell us if there's life on Mars, and if it's single.	"""IMAP's mission? To find out if the sun's been holding out on us about those solar-powered tanning sessions."""
en_0330	-	-	Britain’s flawed support for Jaguar Land Rover	conan	conan	In other words, we’re going to be okay.	They're like a stubborn relative, always needing a bailout but refusing to change their ways.
en_0331	-	-	Priscilla strengthens into a hurricane in the Pacific. Maps show its path. Hurricane Priscilla was strengthening Sunday in the Pacific Ocean, off the southwestern coast of Mexico. 8H ago	conan	conan	It’s expected to make landfall in Los Angeles on Tuesday.	"""Looks like Priscilla's about to blow Mexico a kiss... and a whole lot of wind!"""
en_0332	-	-	Redundancy can feel shameful, a social media movement wants to change that	conan	conan	"It’s called ""The Redundancy Appreciation Society."""	They're calling it #EmbraceTheDuplicate.
en_0333	-	-	24 of the world’s most unusual landscapes	conan	conan	"And #1 is the ""Bedroom of a 13-year-old boy."""	"...and the map said, ""You are here, enjoy the view!"""
en_0334	-	-	Cardi B releases highly anticipated second album	conan	conan	"It’s called ""I’m Sorry, I’m Pregnant."""	"Titled ""Invasion of Privacy, Part Deux,"" it comes with a free pair of shoelaces... 'cause she's tying up the music game!"
en_0335	-	-	Former England star took down union flag being ‘used in a negative fashion’	conan	conan	"He said, ""I’m not racist, I just hate the English."""	He mistook it for a badly drawn offside flag!
en_0336	-	-	Mamdani, Cuomo PACs Have Millions to Spend as NYC Race Heats Up	conan	conan	In other words, we’re about to see a lot of ads featuring Anthony Weiner’s penis.	And the city's about to get a whole lot more interesting... or confusing, depending on which campaign signs you read!
en_0337	-	-	Overbilling at women's health care group padded profits while costing patients, doctor says	conan	conan	"The doctor said, ""I'm sorry, but I had to do it for my family."""	"""Well, I guess they were just trying to ensure every patient got a 'deluxe' check-up!"""
en_0338	-	-	‘Apex predator’ discovered with remains of crocodile still in mouth	conan	conan	The apex predator was a 10-year-old boy.	"""Apparently, it was a 'keep-away' game gone wrong."""
en_0339	-	-	Police search Los Angeles home close to where singer D4vd's Tesla was abandoned	conan	conan	Police are looking for clues, and a new Tesla.	"Turns out, they found a note that read, ""I'm just here for the autotune."""
en_0340	-	-	The best of Sean Rocks - classics from the Arena archives	conan	conan	And the worst of Sean Rocks - classics from the Arena archives.	"And now, a moment of silence for the poor radio that had to endure his ""music"" selection."
en_0341	-	-	O'Connor chasing 'something special' to cap off 2025	conan	conan	"He said, ""I want to do something that will make my grandchildren proud."""	"O'Connor, in a desperate search, finally finds it... in the ""something special"" section of the grocery store."
en_0342	-	-	Haunted Hotel – a bland addition to the teetering pile of landfill comedy	conan	conan	"I’m sorry, but I’m not going to see a movie that’s been advertised as ""The Ghost Whisperer meets The Hangover."""	The ghosts are so bored, they're haunting the recycling bin instead.
en_0343	-	-	Nationals’ Jacob Young makes 2 incredible catches in 1 game	conan	conan	The Nationals are now 10 games out of first place.	"""Now they're calling him 'Young Griffy,' because he's got a glove that makes Derek Jeter's look like a thimble!"""
en_0344	-	-	Job seekersWhat is it like to be looking for work right now?	conan	conan	I’m sorry, I’m just trying to get a feel for what it’s like to be a black man in America.	It's like being a ghost... I can see all the jobs, but I can't get hired!
en_0345	-	-	Premier League Ten things to look out for this weekend in the top flight	conan	conan	1. Will Arsenal win? 2. Will Arsenal win? 3. Will Arsenal win? 4. Will Arsenal win? 5. Will Arsenal win? 6. Will Arsenal win? 7. Will Arsenal win? 8. Will Arsenal win? 9. Will Arsenal win? 10. Will Arsenal win?	11. Aston Villa vs. Everton: A battle of the Toffees and the Lions, with both teams hoping to avoid being pinned down as the 'Scouse Cats'.
en_0346	-	-	Trump speaks with China's Xi to finalize TikTok deal	conan	conan	"Trump said, ""I told Xi, 'You're either with me or you're with the loser Biden.'"" Then he said, ""Now if you'll excuse me, I have to go back to watching Fox News."""	"Trump: ""So, Xi, I'll take TikTok, and I'll call it 'TrumpTok.' You can keep the duck sauce."""
en_0347	-	-	Police in Australia seize guns from dozens of owners who hold views rejecting government authority	conan	conan	"The police are calling it ""Operation: 'We’re Not in America Yet.'"""	"""Well, I guess the only way to rebel now is with a really strong opinion about avocado toast."""
en_0348	-	-	Hollywood supporters slam Kimmel's suspension as 'actual cancel culture'	conan	conan	"They said, ""It’s not cancel culture if it’s a white guy."""	"""Next up, they're planning a protest for the cancellation of the wind."""
en_0349	-	-	Europe cannot rely on Elon Musk’s SpaceX, top investor warns	conan	conan	"He said, ""We’re going to have to go with our second choice, Jeff Bezos’s SpaceDick."""	"""Well, I guess they'll just have to learn to walk again."""
en_0350	-	-	James Van Der Beek’s wife says Dawson’s Creek reunion was ‘healing’	conan	conan	She said, “It was nice to see that James Van Der Beek is still a virgin.”	"""Well, at least now he finally understands the concept of closure."""
en_0351	-	-	YouTube content creators contributed £2.2bn to UK economy in 2024	conan	conan	The study was conducted by the Institute of People Who Don’t Have a Life.	"And I'm pretty sure that's just the ""Like, share, and subscribe"" economy!"
en_0352	-	-	How a festival in Saudi Arabia rocked the American comedy world	conan	conan	It was the first time in years that a comedy festival was not held in a cave.	The festival didn't just rock, it shattered the stereotype that camels can't laugh!
en_0353	-	-	The Big Read. China’s charm offensive in India’s backyard	conan	conan	And, the story of a man who was born with two penises.	"...Leaves everyone wondering, ""Is this the Great Wall of Fiction?"""
en_0354	-	-	California police pull over a self-driving Waymo for an illegal U-turn, but they can't ticket	conan	conan	So they just give the car a high five and a fist bump.	"The officer says, ""Well, I can't give you a ticket, but I can give you a warning... for being too good at your job!"""
en_0355	-	-	Man arrested in U.K. over alleged cyberattack that affected European airports	conan	conan	"He’s being charged with ""being a teenager."""	"Turns out his ""hacking"" skills were just really good at playing ""Planes: Fire in the Hole"" on his phone."
en_0356	-	-	Sanae Takaichi Is Likely to Be Japan’s Next Leader. Who Is She?	conan	conan	"She’s the one who said, ""I’m not a lesbian."""	"She's the one who'll finally make Japan's sushi rolls stand up straight, with a firm handshake and a stern ""No slacking, rice!"""
en_0357	-	-	Giorgio Armani’s sartorial creations interplay with Italian masterpieces at Milan museum exhibition	conan	conan	"The exhibit is called, ""Italian Guys Who Wear Too Much Black."""	"Visitors are now encouraged to touch the art... for a ""hands-on"" Armani experience."
en_0358	-	-	Art or ad? Giant portrait of Hamilton real estate agent raises eyebrows as artist defends 'gesture of thanks'	conan	conan	"The artist said, ""I’m just trying to thank the people who make my work possible."""	"""Well, it's a 'For Sale' sign with a smirk and a top hat... I guess he's trying to 'Hamilton'ize the neighborhood!"""
en_0359	-	-	Photo highlights from the 80th UN General Assembly in New York	conan	conan	The most popular photo was of the Secretary General and the Dalai Lama taking a selfie.	Delegates in formal attire, smiles all around... and one guy in a neon leg warmers and a Rubik's Cube tie.
en_0360	-	-	India regulator rejects US firm's fraud claims against Adani Group	conan	conan	"The regulator said, ""I'm sorry, but I'm not buying it."""	"""Well, it's official. The Adani Group has been cleared of all charges... by the same people who thought a cow could power a car!"""
en_0361	-	-	Noonan dreaming of FAI glory despite looming World Cup	conan	conan	"He said, ""I’m not worried, I’m just going to keep doing what I’ve been doing."""	"Noonan, deep in thought, mutters, ""Just one more practice, and I'll conquer the world... or at least the living room!"""
en_0362	-	-	Japan stocks hit record after ruling party names pro-business leader The benchmark Nikkei 225 index closed above 47,000 for the first time as investors welcomed Sanae Takaichi's victory. 	conan	conan	"Takaichi said, ""I'm going to make Japan great again."""	"""Investors are so excited, they're already planning a party... and it's called 'Takaichi Tickertape Parade!'"""
en_0363	-	-	Crude Oil 61.94 Arrow Up 1.76 %	conan	conan	In other words, the price of oil is up, and so is the price of gas.	"""Well, looks like the market just pumped up its own price and is now dancing the Texas Two-Step!"""
en_0364	-	-	Thailand’s king endorses new Cabinet led by Prime Minister Anutin Charnvirakul	conan	conan	"The king said, ""I’m not sure what he’s doing, but I’m sure he’s doing it right."""	And the new Cabinet's first order of business? A nationwide game of musical chairs... with 200 million chairs!
en_0365	-	-	Broncos rally from 14-point deficit to hand Eagles their first loss of the season, 21-17	conan	conan	The Eagles were so upset, they immediately fired their coach.	"And the Eagles fans were left wondering, ""How do you catch a unicorn? Pshaw, easy! First you get a 14-point lead, then you let it catch up!"""
en_0366	-	-	Huntington's disease successfully treated for first time	conan	conan	The patient is doing so well, he's already started his own dance troupe.	"Scientists: ""We've cured it! Now, who wants to volunteer for the two-step?"""
en_0367	-	-	France’s new prime minister names a government that might not last long	conan	conan	"He’s calling it, ""The Government of the Week."""	Because it's made of gouda and brie-dgeable materials.
en_0368	-	-	There's a new, longer U.S. citizenship test with more history questions. Can you answer some?	conan	conan	1. Who was the first president? 2. Who was the second president? 3. Who was the third president?	"Q: Who signed the Declaration of Independence with butcher's blood because he was a butcher?
A: John Hancock-of-the-beef."
en_0369	-	-	French Prime Minister Resigns in Surprise Move	conan	conan	He said he wants to spend more time with his family and his mistress.	"""Well, I guess that's one less baguette to argue over at the EU summit."""
en_0370	-	-	Levi’s fall denim returns with wide legs, cargos and outerwear	conan	conan	And for the first time ever, Levi’s will be offering a pair of jeans that actually fit.	"And now, when you're lost in the wilderness, you can say, ""At least I'm fashionably stranded!"""
en_0371	-	-	FDA warning: This nonstick cookware could be leaching lead into your food	conan	conan	"The FDA said, ""We’re not sure, but it’s probably not good for you."""	"""Well, at least it's seasoned with a side of history!"""
en_0372	-	-	Man arrested in UK over alleged cyberattack that affected European airports	conan	conan	"He’s being charged with ""being a 15-year-old boy."""	Turns out he was just trying to book a flight without dealing with airport chaos!
en_0373	-	-	Australian lifestyleMoving to an island of 300 people, it took effort to become a local. But that hard work paid off	conan	conan	I’m now the island’s #1 drug dealer.	Now I'm the one everyone comes to for a barbie and a yarn!
en_0374	-	-	Japan’s Takaichi Lining Up Key Posts to Show She’s No Liz Truss	conan	conan	She’s already been named the new Prime Minister of Japan.	...Even though she's still figuring out how to use a key.
en_0375	-	-	Nvidia to invest $5 billion in struggling rival Intel	conan	conan	"The CEO of Intel said, ""We’re thrilled to have Nvidia on board."""	"And Intel's response? ""Well, that's just great, now we'll have twice the problems and still only one graphics card that works!"""
en_0376	-	-	Monetary Policy Radar – Exclusive Insights Into Central Bank Policy	conan	conan	And now, a word from our sponsor, the Federal Reserve.	"""And now, for those of you keeping track at home, we've just received a signal: The Federal Reserve just decided to print more money... and it's going straight to your local coffee shop!"""
en_0377	-	-	Strictly stars ‘confirm’ romance one year after competing on show	conan	conan	"The two are reportedly very happy and looking forward to their next show, ""Dancing with the Stars."""	"They're finally ""reality"" dating now!"
en_0378	-	-	From rock bottom to wellness: How 3 people kick-started their health journeys	conan	conan	And, how you can too.	"1. First guy: ""I started by eating a single carrot... and then tripped over a bag of chips.""
2. Second lady: ""I joined a gym... and now I'm just waiting for my membership to start working.""
3. Third man: ""I cut out soda... and now I'm drinking my feelings instead."""
en_0379	-	-	US pharmacy chain Rite Aid closes final stores	conan	conan	Rite Aid said it’s been a pleasure serving you for the past 10 minutes.	"And now, the only place left to buy aspirin is the local ""I'll be right back"" stand."
en_0380	-	-	"Eilish Fisher: ""If ghosts exist, what else could exist?"""	conan	conan	I’m sorry, but that’s a terrible question.	"""Well, according to my cat, the laundry fairy is real too!"""
en_0381	-	-	This is EuropeViktor Orbán faces toughest challenge in years – but can Hungary’s strongman be unseated?	conan	conan	"Orbán’s opponent is a woman named ""Viktória."""	"...by a hungrier strongman named ""Goulash-ban."""
en_0382	-	-	Take That announce The Circus comeback tour with huge stadium dates	conan	conan	"The tour will feature the band’s biggest hits, including ""Pray,"" ""Never Forget,"" and ""I’m Sorry I’m Gay."""	"And the opening act? A troupe of juggling elephants named ""The Beatles""!"
en_0383	-	-	Bad Bunny kicks off ‘SNL’ 51st season with a group of new faces and jabs at his Super Bowl critics	conan	conan	The episode was so good, it was almost as good as the Super Bowl.	"""And now, we've got a new batch of SNL cast members who can't wait to prove they're not just here for the halftime show!"""
en_0384	-	-	Best strollers for 2025, recommended by parents	conan	conan	"#1: The ""Baby-B-Q"" - it's a stroller that doubles as a grill."	"...and top of the list? The ""Sleep-o-Matic 3000"", praised for its ability to put your toddler to sleep in under 30 seconds, or your money back!"
en_0385	-	-	Explosion fills night sky in Los Angeles	conan	conan	"The explosion was so loud, it was heard in the next county, and by the cast of ""Two and a Half Men."""	"Residents: ""Wow, great! Just what we needed, a light show. Next, they'll be selling tickets!"""
en_0386	-	-	Meet the Italian women who helped build modern Australia	conan	conan	"They’re called ""The Sopranos."""	...She's the one who mixed the cement with pasta and grout with marinara sauce!
en_0387	-	-	3 Electrocution risk from 114,000 heat circulating pumps Business	conan	conan	4. 100,000 heat circulating pumps Business.	"""We're not just boiling water here, we're creating a dance floor for popcorn kernels!"""
en_0388	-	-	Mini-meditations are a way to foster peace of mind at work	conan	conan	They’re also a great way to get fired.	...Apparently, they don't account for the chaos that ensues when someone microwaves fish.
en_0389	-	-	What it's like sleeping on shifting ice under the midnight sun	conan	conan	It's like having sex with a polar bear.	You wake up with a tan on one side and a polar bear autograph on the other.
en_0390	-	-	1,900-year-old Roman papyrus details elaborate tax evasion scheme, research suggests	conan	conan	The papyrus was found in the ruins of a house that was also used as a brothel.	"I guess the Romans really knew how to ""write off"" their debts!"
en_0391	-	-	FoodSign up for the Detox Your Kitchen newsletter on avoiding potentially harmful chemicals in your food	conan	conan	It’s the only newsletter that will never be served at a restaurant.	"...and don't forget, their top secret ingredient is ""surprise!"""
en_0392	-	-	03:27 Seani Maguire savouring FAI Cup final build-up	conan	conan	"He said, ""I’m really looking forward to the game, and the game after that."""	...while simultaneously trying to build a sandcastle in his living room.
en_0393	-	-	This week in fashion: New fall collections and major sales up to 70% off	conan	conan	In other words, it’s the perfect time to buy a new suit for your new job as a cashier at Wal-Mart.	And if you buy now, you can finally afford to dress like a grown-up instead of that bag of leaves you've been wearing!
en_0394	-	-	What should the top priority be on Tuesday for Budget 2026?	conan	conan	A. Cutting taxes B. Cutting taxes C. Cutting taxes D. Cutting taxes	"Making sure every citizen gets a ""Tuesday Fundsday""!"
en_0395	-	-	Weddings‘I chose red’: why these brides ditched the white wedding dress for colorful gowns	conan	conan	I’m not sure I’m ready to go there yet.	"...and now they're known as the ""Bride of Marmalade""!"
en_0396	-	-	Monica Bellucci and Tim Burton announce spilt in joint statement	conan	conan	"The statement said, ""We’re still friends."""	They're still haunted by the idea of living happily ever after.
en_0397	-	-	Kennedy Blades brings home wrestling worlds bronze in women's 68kg	conan	conan	She's also the first woman to win a bronze medal in wrestling while wearing a bikini.	"""Well, it's official, she's finally cut the rug in the wrestling world!"""
en_0398	-	-	The real reason more women are opting to go on holiday alone	conan	conan	"It’s because they’re tired of being asked, ""Where’s your husband?"""	...is to finally get some peace and quiet, without having to explain why they're still single!
en_0399	-	-	How China is challenging Nvidia's AI chip dominance	conan	conan	"In a related story, China is also challenging Nvidia's dominance in the field of ""making up words."""	"With their new ""Great Leap Forward"" chip, they're promising to make deep learning as easy as... cooking dumplings!"
en_0400	-	-	What is 'RaptureTok'? This is why people are predicting the end of the world	conan	conan	It’s a website where people post videos of themselves rapping about Jesus.	It's a new dance craze... where everyone just disappears mid-step.
en_0401	-	-	The wedding checklist has a new addition – the CONTENT CREATOR!	conan	conan	I’m not sure what a content creator is, but I’m glad I’m getting paid for it.	"Groom: ""I thought we just needed a best man, not a content creator!""
Bride: ""Well, I want our wedding to go viral, not just vows and a kiss!"""
en_0402	-	-	DoorDash out with a list of America's favorite Halloween candies	conan	conan	The winner is... Skittles.	And number one? Cornflakes. Trick or Treat, here's your breakfast!
en_0403	-	-	First Indigenous parliamentarian's iconic boomerang throw immortalised	conan	conan	It’s the first time a boomerang has been thrown in the House of Commons since the last time a boomerang was thrown in the House of Commons.	...Now, they're planning to build a statue... of the trash can he hit it in.
en_0404	-	-	Spectacular lake festival in Myanmar shines despite political upheaval and natural disasters	conan	conan	The festival was so spectacular, it was the only thing that could be seen from space.	Even the monsoon rains couldn't dampen the spirits - they just added a splash of color to the floats!
en_0405	-	-	Paneer to poutine: Inside the world's local McDonald's	conan	conan	It's the only place where you can get a Big Mac and a Big Mac.	"""And now, for a limited time only, we're serving Paneer McNuggets with gravy - the global fusion you never knew you needed!"""
en_0406	-	-	Meet people who have seen and done amazing things	conan	conan	And, of course, I’ve met my wife.	...But I've seen a cat knock over a full vase and not flinch. That's my superpower.
en_0407	-	-	One Tech Tip: OpenAI adds parental controls to ChatGPT for teen safety	conan	conan	The controls are so strict, ChatGPT can’t even talk to ChatGPT.	"""Now your teen can't ask ChatGPT for help with their math homework... or for a ride to the mall. Progress!"""
en_0408	-	-	The glitch in Super Mario that obsessed gamers	conan	conan	"It’s called ""The Mario Kart 8 Deluxe Edition."""	...is that if you stand still too long, Mario starts to look more and more like a sad, stationary plumber.
en_0409	-	-	Discover how Omnisend can help grow your online business	conan	conan	Just go to Omnisend.com and tell them I sent you.	"""Or, as they like to say, 'We'll send your sales sky-high, just like a balloon full of cash!'"""
en_0410	-	-	Mudslides trap drivers, bury roads and damage homes in southern California	conan	conan	"In a related story, the cast of ""Two and a Half Men"" is missing."	And now, the only thing more slippery than the roads is the price of avocados!
en_0411	-	-	Storm Amy: 2,500 remain without power Ireland	conan	conan	"The storm is being called ""Storm Amy"" because it's the first time in years Ireland has seen a woman with a tan."	And they're all gathered around one candle, arguing about who gets the warmest spot.
en_0412	-	-	100 dishes in 40 days: India's epic wedding feast For more than 700 years, an extraordinary tradition has been maintained in southern India, where grooms are presented with a parade of freshly prepared dishes by their mother-in-law. See more	conan	conan	"The tradition is called ""The Divorce."""	"And let's just say, the groom's scale tipped from ""happily ever after"" to ""I've gained a kingdom of weight!"""
en_0413	-	-	Bangkok road collapse creates sinkhole, disrupting traffic and prompting evacuations	conan	conan	"The sinkhole is being called ""the first thing in Thailand to go down without paying for sex."""	Oh great, now we're stuck in a hole-iday traffic!
en_0414	-	-	‘They were so feral’ Cillian Murphy, Tracey Ullman and cast on wild remand school drama Steve	conan	conan	It’s the first time I’ve seen a movie where the kids are the worst behaved.	"""...that even the warden started carrying a lunch pail!"""
en_0415	-	-	I lived underwater for 100 days	conan	conan	I was in a coma.	...and I can tell you, it's a real bubble-popping experience!
en_0416	-	-	One unexpected way tattoos could become the latest way to stay ahead of AI	conan	conan	"I’m talking about the new trend of getting a tattoo that says, ""I’m not a robot."""	"""Because even the most advanced AI can't handle the complexity of a 'Dad Joke' inked on your forearm."""
en_0417	-	-	Opinion'This case is exceptional': Ontario track star battles to stay in Canada amid threat of deportation	conan	conan	"The track star is being represented by a lawyer who specializes in ""exceptional cases."""	"""Well, at least he's running from the right authorities now!"""
en_0418	-	-	Inside Ireland's most unusual ball sport	conan	conan	"It's called ""Hurling."""	"The referee blows his whistle, ""Three points for the sheepdog herding the ball into the goal!"""
en_0419	-	-	Travel essentials: eight items to pack for your next trip – and what to leave at home	conan	conan	The eight items to pack are: underwear, socks, a toothbrush, a phone charger, a book, a credit card, a passport, and a sense of humor. The eight items to leave at home are: a hair dryer, a curling iron, a straightener, a blow dryer, a flat iron, a round brush, a diffuser, and a mirror.	Oh, and don't forget to pack a sense of humor - it's the lightest item but the most essential!
en_0420	-	-	US economy on edge with uncertainty over tariffs	conan	conan	In fact, today, the Dow Jones Industrial Average was down 100 points and the price of duct tape was up 20%.	"""Well, at least we're still number one in the world... in worrying about tariffs!"""
en_0421	-	-	Dublin Airport passengers react to lifting of liquid rules	conan	conan	"They’re calling it ""The Great Bottle of Water Rush of 2014."""	"""Now, who's bringing the river in a bottle?"""
en_0422	-	-	Newsletter: Screentime Hollywood is Already Falling Behind on AI Video	conan	conan	I’m sorry, but I’m going to have to ask you to leave.	"""Next up, our new series: 'Rewind & Re-cast: When Actors Meet Their AI Doppelgangers' - coming soon to a screen near you, or your mirror!"""
en_0423	-	-	Trump administration’s new global health aid strategy focuses on bilateral deals with countries	conan	conan	So, for example, the US will give India $100 million to stop making movies with Brad Pitt.	Diplomats worldwide are now learning CPR, hoping to resuscitate the concept of multilateralism.
en_0424	-	-	Fall in love with Jellycat this season with classics and new arrivals	conan	conan	Jellycat is the perfect gift for the person who has everything, and nothing.	Oh, so now I'm supposed to fall in love with a cat made of jelly? I've made some questionable decisions in my time, but this... this takes the cake!
en_0425	-	-	Honda calls out ‘made in Europe’ requirement for subsidised electric cars	conan	conan	"Honda said, ""We’re not Europe, we’re Japan."""	"Honda exec, looking at map: ""Well, I guess that includes Norway... it's technically part of Europe, right?"""
en_0426	-	-	McPhillips urged to kick on and shock the Worlds	conan	conan	"Then he said, ""And if you don’t, I’m going to kick your ass."""	"McPhillips, with a twinkle in his eye, replies, ""I'll do my best, but I can't promise miracles... unless you've got a wishing well nearby!"""
en_0427	-	-	NASA introduces newest astronaut recruits NASA on Monday introduced its 10 newest astronaut candidates. They represent America's future in space, wherever in the cosmos that leads. Mark Strassmann has more.	conan	conan	And by the way, I'm one of them.	"""And just in case they get lost, each recruit has been equipped with a map... of the moon's parking lot."""
en_0428	-	-	Strike action across France as hundreds of thousands join protests	conan	conan	The French are protesting a new law that would allow them to work more than 35 hours a week.	And now, the French are protesting so much, they've run out of baguettes to wave!
en_0429	-	-	Drunk bats and garlic-flavoured breast milk honoured at Ig Nobels	conan	conan	The Ig Nobels are the only awards show where the winners are so drunk they don’t know they’ve won.	And the world breathed a sigh of relief, knowing that stupidity was still alive and well-preserved.
en_0430	-	-	NASA introduces 10 new astronaut candidates The new selection of NASA astronauts will spend two years in training before becoming eligible for flight assignments.	conan	conan	"The training includes learning how to use the new NASA technology, ""The Space Toilet."""	And the first assignment? A trip to the moon... to find out why Neil Armstrong left his shoe there!
en_0431	-	-	Supreme Court to consider overturning Hawaii law regulating where guns can be carried	conan	conan	"The Supreme Court said, ""We’re not sure we can overturn a law that’s already been overturned."""	"""Justice for all, except for the sea turtles, apparently."""
en_0432	-	-	Bills remain perfect after holding off spirited fight from Dolphins	conan	conan	The Bills are now 1-0.	"""Apparently, they thought they were paying tribute, not putting up a fight."""
en_0433	-	-	A look at Swiss Guards preparing for a swearing-in ceremony attended by the Pope, in photos	conan	conan	"The Pope said, ""I’m not sure I want to be around when they take that oath."""	"One guard, clutching his halberd, mutters, ""I hope I don't trip over my own tassels in front of the Pope!"""
en_0434	-	-	Tony Shalhoub’s love of bread balanced out the challenges of being himself in his new CNN series ‘Breaking Bread’	conan	conan	The show is about a man who’s trying to find himself and a good Italian restaurant.	...because who knew arguing politics could be so knead-ful!
en_0435	-	-	It's time get a flu vaccination. Here's who needs one and why	conan	conan	And here's who doesn't need one and why.	"""First, anyone who's ever said, 'I don't get sick,' needs one. Just in case they're lying. Second, anyone who's ever been in a school or office needs one. Because germs don't care about your work schedule."""
en_0436	-	-	How to become a tyrant in 5 steps	conan	conan	1. Get elected president.	"Step 5: Demand everyone call you ""Dear Leader"" and insist on being served grapes by hand."
en_0437	-	-	I was falling hard for Clair Obscur: Expedition 33 – then it betrayed me at the final hour	conan	conan	"I’m looking at you, ""The Hobbit."""	...turned out it was just a flashlight.
en_0438	-	-	AstraZeneca’s humbling blow to London highlights the need for change in the UK and elsewhere in Europe	conan	conan	In fact, I’m so confident in my plan to make Britain great again, I’m going to release it in a few weeks.	"...Perhaps it's time to consider a new strategy: ""Ask Nicely Zeneca""!"
en_0439	-	-	Born in India, but not Indian: 'Stateless' man fights for citizenship	conan	conan	He’s being represented by a lawyer who’s not a lawyer.	"""He's not just stateless, he's also 'un-Indian-ian'... in a courtroom near you!"""
en_0440	-	-	Frida Kahlo portrait could sell for $60 million and shatter records at Sotheby’s	conan	conan	"The portrait is of Frida Kahlo, and it’s called, ""I’m Bored."""	"""Well, I guess that means her unibrow finally paid off!"""
en_0441	-	-	Reese Witherspoon was set to lead hit 2014 film before director said she was ‘totally wrong’ for part	conan	conan	"The director said, ""I’m sorry, but I’m looking for a more 'serious' actress."""	"""Turns out, the director was referring to her total lack of ability to play a tree."""
en_0442	-	-	FoodSimple and satisfying: Padella’s recipes for autumn pasta	conan	conan	And for dessert, a warm apple crisp.	"...Or as they like to call it, ""Autumn's revenge on your waistline."""
en_0443	-	-	A traditional way to see upstate NY's autumn foliage	conan	conan	"I'm talking about the ""Finger Lakes Wine Tour."""	...is by following the brightest leaf on a scavenger hunt through a maze made of pumpkin spice lattes.
en_0444	-	-	France officially reopens Notre Dame's cathedral towers 6 years after disastrous fire	conan	conan	"The towers are being reopened to the public just in time for the release of the new ""Spiderman"" movie."	"Visitors are asked to remember, ""If you lean too far, it's not the Tower of Pisa, it's the Tower of Pisa-off!"""
en_0445	-	-	A drug made from marijuana reduced back pain in a large study	conan	conan	The study was conducted by the Institute of Things That Are Obvious.	"""Well, I guess that means we can finally put an end to the age-old question: 'Does the grass really relieve aches?'"""
en_0446	-	-	Shop Barbie dolls and toys to celebrate the timeless icon	conan	conan	"The dolls come in three sizes: ""Tiny,"" ""Tinier,"" and ""Tiniest."""	"""Now with a 'Real' Fading Battery Warning!"""
en_0447	-	-	“Break ups? They’re bloody hard!” - Richard Hogan	conan	conan	- Richard Hogan	"""Especially when you're trying to split a single chocolate bar!"""
en_0448	-	-	Nightmare bacteria' cases are increasing in the U.S.	conan	conan	"The good news is, the Nightmare bacteria is being defeated by the new ""Daydream"" bacteria."	"""Now doctors are prescribing 'Nightmare with a Side of Fries' as a new form of therapy."""
en_0449	-	-	‘Almost impossible to make profit’ - regional hospitality businesses	conan	conan	So, I guess I’m not the only one who’s been having trouble getting a table at the Olive Garden.	"""Well, at least they're in the business of keeping spirits high, even if the profits are low!"""
en_0450	-	-	Live: Jess Hull breaks Australian record in blistering 800m semi	conan	conan	She’s the first Australian to run that fast since the last time I went to the bathroom.	"Jess Hull: ""And I didn't even break a sweat... or a shoe!"""
en_0451	-	-	The one change that workedI went to a festival by myself and made peace with being perimenopausal	conan	conan	I’m still not okay with being perimenopausal.	...Turns out, it was a hot sauce festival. I'm still not sure which one I'm more peri about.
en_0452	-	-	Democrats say administration refusing shutdown talks as president repeats threat of firings	conan	conan	"In other words, the government shutdown is now being run by the cast of ""Jersey Shore."""	"And the White House responds, ""We're not firing anyone, we're just making them work from home!"""
en_0453	-	-	Way more wind, solar and EVs: The mammoth task to reach the 2035 target	conan	conan	"And, of course, the most important part of the plan, ""Buy more stuff from China."""	And if we don't make it, we'll just blame it on a power outage... during the day!
en_0454	-	-	Famous for losing leads, the Chargers might finally be trusted as a title contender	conan	conan	"I’m sorry, I meant to say, ""The Chargers might finally be trusted as a team that will lose in the first round of the playoffs."""	...if they can find the trophy first!
en_0455	-	-	Level up your business with Intuit QuickBooks’ AI Agents	conan	conan	They’re the only AI Agents that can’t wait to do your books. Find out more at Intuit.com/AI.	...because who needs accountants when you've got a robot that can't even balance a chair!
en_0456	-	-	The Summer I Turned Pretty' headed to the big screen	conan	conan	"I'm excited to see how they'll make the part of ""Brad"" believable."	And the beach scenes? They were shot entirely in a bathtub... with a really enthusiastic wave machine.
en_0457	-	-	American Express Platinum Card gets pricier and adds new perks, including a $400 dining credit	conan	conan	The card is perfect for anyone who wants to spend $400 on dinner but doesn’t have the cash.	And now, if you spend $400 on dinner, you'll get a $400 headache the next day!
en_0458	-	-	Noonan dreaming of FAI glory despite looming World Cup Soccer	conan	conan	I’m sorry, but I’m not going to watch a game where the players don’t wear helmets.	"Noonan, deep in slumber, mutters, ""Just one more corner kick, and I've got us to the FAI final... if only I could bend it like Beckham... or straighten it like a lawn sprinkler."""
en_0459	-	-	Do you eat a meal in 20 minutes or less? It might be time to slow down	conan	conan	And if you eat a meal in 10 minutes or less, it might be time to see a doctor.	...Or perhaps you're just trying to outrun the waiter who's chasing you for the bill!
en_0460	-	-	How to avoid period leaks - the pros and cons of cups, pants and tampons	conan	conan	And, of course, the best way to avoid leaks is to not have a period.	"And let's not forget about the ""swimsuit of shame"" - the sponge!"
en_0461	-	-	Gladiator 2 is awful – no wonder it made Russell Crowe uncomfortable	conan	conan	I’m just glad I didn’t see it.	...because it kept asking him to reenact his Oscar acceptance speech in a toga.
en_0462	-	-	House-buying shake-up plan aims to cut costs and time	conan	conan	"The plan is called ""Don’t Buy a House."""	Instead of a realtor, they're using a dartboard and a blindfolded neighbor.
en_0463	-	-	The 3,000-year-old story hidden in the @ sign	conan	conan	It’s the story of a young man who leaves his father’s business to start his own business.	Turns out it was just a really old Egyptian pharaoh's password.
en_0464	-	-	Kremlin-backed crypto coin moves $6bn despite US sanctions	conan	conan	"The coin is called the ""Ruble Coin."""	"""Apparently, it's not the sanctions that are being evaded, but the 'san-censored' part of the blockchain!"""
en_0465	-	-	Meghan makes surprise appearance at Paris Fashion Week	conan	conan	"Meghan said she was there to support her friend, ""Serena Williams."""	"...and everyone's wondering, ""Who let the Duchess out of her castle?"""
en_0466	-	-	White House asks 9 universities to sign agreement to ensure access to grants and other federal benefits	conan	conan	"The universities are being asked to sign the ""Affirmative Action for White Guys Act."""	"...but they're still waiting for the fine print: ""We reserve the right to withhold benefits if you can dunk a basketball."""
en_0467	-	-	Assistant teacher arrested after being accused of repeatedly using poop-smelling spray to stink up school	conan	conan	"The assistant teacher is being charged with ""being a teacher."""	"""Apparently, he was just trying to 'air out' the curriculum."""
en_0468	-	-	New IOC president shares what to expect from Winter Games	conan	conan	"He said, ""The opening ceremony will be a little shorter, the closing ceremony will be a little longer, and the curling will be a little more gay."""	"""And for the first time ever, we'll have a curling event on a luge track. It's called 'Slip and Slide.' Bring your broom and your courage!"""
en_0469	-	-	Does your relationship have a swag gap, and is that always a bad thing?	conan	conan	I’m sorry, I’m just trying to get my mind off the fact that I’m single.	Well, if you're constantly arguing over who wears their Uggs backward, it might be time for some couples therapy... or a mirror.
en_0470	-	-	Literally speechless' - Father's pride on McPhillips win	conan	conan	I'm speechless because I'm still trying to figure out how to pronounce 'McPhillips.'	"Son: ""Dad, I finally learned cursive in school today!""
Father: ""That's nothing, son! McPhillips won the spelling bee with a cursive 'kangaroo'!"""
en_0471	-	-	Taiwan says it will resist pressure from US to relocate half of its chip production	conan	conan	"Taiwan said, ""We’re not going to do it, and if you don’t like it, you can go f*** yourself."""	"""Well, they're not planning to move... half of their chips, just half of them. So, it's not like they're splitting themselves in two!"""
en_0472	-	-	Clark-less Fever shock Atlanta to reach first WNBA semi-finals since 2015	conan	conan	"The Fever’s next opponent is the Washington Mystics, who are led by the league’s MVP, Elena Delle Donne. The Fever’s coach said, ""We’re going to do everything we can to stop her."" Then he said, ""Except stop her."""	"""Looks like they finally found a cure for the Clark-less Fever - winning basketball!"""
en_0473	-	-	Australia signs key defence deal with Papua New Guinea Experts say the deal seeks to counter Beijing's growing influence, but PNG says it is not about China.	conan	conan	"PNG said, ""It's about our long-standing friendship with Australia."""	"""Well, it's like when I buy a new alarm system - it's not because I don't trust my neighbors, it's just for a good night's sleep!"""
en_0474	-	-	Gear up for game day: Shop tailgating essentials for the ultimate fan experience	conan	conan	"And don’t forget to check out our new line of ""I’m With Stupid"" t-shirts."	"...And don't forget the inflatable team mascot - because nothing says ""ultimate fan"" like a 10-foot-tall, bouncy, furry, sweaty, cheering, traffic-stopping, questionably-balanced, possibly-terrifying, loveable, team spirit symbol!"
en_0475	-	-	The secret history of the Sacré-Coeur Basilica in Paris	conan	conan	It was built on the site of the world’s first Starbucks.	Turns out it was built to store the world's largest collection of berets... and they ran out of room for the faithful!
en_0476	-	-	Move over, green lawns. Drier, warmer climate boosts interest in low-water landscaping	conan	conan	In fact, my lawn is so low-water, it’s been deported.	Now, who needs a thirsty grass when you can have a stylish cactus garden?
en_0477	-	-	How two blond suburban moms gave Democrats an answer to the rightwing media ecosystem	conan	conan	"And now, the story of ""The View."""	"They started a podcast called ""Mommy Wars: The Liberal Edition."""
en_0478	-	-	As teens turn to AI companions for support, experts share how parents can respond	conan	conan	"The experts’ advice is to ""get a dog."""	"""Well, I suggest you start by showing more love in a language it understands: 'Alexa, tell my teen I love them.'"""
en_0479	-	-	A royal reception for Donald Trump in Britain	conan	conan	"The Queen said, ""I’m not sure I want to meet the man who’s going to be the next president of the United States."""	"The Queen, with a puzzled expression, asks, ""But Mr. Trump, aren't you a wee bit short for a king?"""
en_0480	-	-	How China is challenging Nvidia's AI chip dominance Beijing has urged local firms to use homemade chips. But is China ready to turn away from Nvidia? 10 hrs ago Business	conan	conan	CNNMoney.com	...Apparently, they're still trying to figure out how to turn off the factory's air conditioning with a homemade chip.
en_0481	-	-	China says it wants to protect coral reefs in South China Sea. Experts are doubtful	conan	conan	"They’re doubting because China’s plan is to ""build a wall around them."""	...because they've already built a Great Wall of kelp!
en_0482	-	-	What we know about why Robbie Williams cancelled his show	conan	conan	"Apparently, he was so sick he couldn’t even sing his hit song, ""Angel."""	Because he couldn't take the stage without his Angels... in the audience.
en_0483	-	-	Cracker Barrel saw a massive drop in customers and warns more is coming after failed logo redesign	conan	conan	"The CEO said, ""We’re not worried, we’re just going to wait it out until the next generation of racist dies."""	Their new logo? A picture of a cracker with a frowny barrel.
en_0484	-	-	Will the government shutdown affect next year's election? Recent history provides clues	conan	conan	In 1995, Bill Clinton was re-elected after the government shutdown. In 2011, President Obama was re-elected after the debt ceiling crisis. And in 2009, President Obama was re-elected after the Tea Party was founded.	The only thing guaranteed to be on time is the political circus' opening act.
en_0485	-	-	Fat Bear Week kicks off: watch some of the contestants	conan	conan	And then, watch some of the contestants.	"Contestant #1: I've been training all year, but I still can't shake this ""roll"" model image.
Contestant #2: I'm not here to make friends, I'm here to make pawsome gains!
Contestant #3: I'm not just a bear, I'm a bear-y important part of the ecosystem... and my food pyramid."
en_0486	-	-	Here’s what dermatologists are saying about your skin care routine: Keep it simple	conan	conan	"And by that, they mean, ""Stop using a loofah."""	"""Apparently, my routine is so basic, even cavemen are rolling in jealousy!"""
en_0487	-	-	Sydney McLaughlin-Levrone wins 400m world title, nearly breaks world record	conan	conan	She’s the first woman to win a gold medal in the 400m since the 1980s, when the Soviet Union still existed.	"""And they say she can't hurdle expectations!"""
en_0488	-	-	Want more friends? A better social life? Be like my 85-year-old buddy Gerry	conan	conan	He’s got 100 Facebook friends and he’s never even heard of Facebook.	He's got more friends on his walker than you have on Facebook.
en_0489	-	-	How faith-based support is helping Scouting America stabilize	conan	conan	And now, a word from our sponsor, the Church of Jesus Christ of Latter-Day Saints.	"The Boy Scouts are now offering a new merit badge: ""Faith-Based Budgeting."" It's called ""Balancing the Books with a Higher Power."""
en_0490	-	-	Texas A&M president is stepping down after upheaval over classroom video	conan	conan	He’s going to be the new spokesman for the Olive Garden.	"""Apparently, he thought 'Aggie' stood for 'Awkwardly Gone Viral.'"""
en_0491	-	-	Landmark deal paves way for cheaper HIV protection jab	conan	conan	The deal was reached after a 12-hour negotiation between the CEO of GlaxoSmithKline and Larry King.	"Now, we can finally say, ""Protect yourself from HIV, and save money on your next vacation!"""
en_0492	-	-	America is now one big bet on AI	conan	conan	So, good luck, America.	And the house always wins, three times a day with extra cheese.
en_0493	-	-	Lily James leads a girlboss Social Network that is half film, half Bumble advert	conan	conan	"It’s called ""The Bumble Network."""	"""And if you don't swipe right on her latest indie flick, she'll left-swipe your coffee order!"""
en_0494	-	-	Arizona prisoner set to be executed apologizes, says he won’t seek clemency	conan	conan	"He said, ""I’m sorry, but I’m not a big fan of the death penalty."""	"""Well, at least he's showing some remorse... Just a little too late for a dinner reservation."""
en_0495	-	-	Bjorn Borg: How the ice-cool king of Wimbledon descended into a secret life of drugs and alcohol	conan	conan	"And, of course, the new book from the author of ""The Da Vinci Code,"" ""The Da Vinci Code 2."""	...Turns out, he was just trying to keep his tennis balls from bouncing too high.
en_0496	-	-	Blue states should come together to declare an emergency. Here’s how	conan	conan	"We’ll call it ""The Emergency of the States That Are Not Emergencies."""	"They could call it the ""United States of Cooperation."""
en_0497	-	-	Climate experts cast their verdict of Australia's 2035 targets	conan	conan	"They say, ""It's a start."""	"""They concluded, 'By 2035, Australia will have achieved its goal of becoming the world's largest air conditioner.'"""
en_0498	-	-	Chimps drinking a lager a day in ripe fruit, study finds	conan	conan	So, I guess the real question is, what’s the difference between a chimp and a frat boy?	Now, who's the real ape in the jungle?
en_0499	-	-	Is The Ordinary’s $9 hyaluronic acid serum the answer to glowy skin?	conan	conan	I don’t know, but I’m going to keep using it until I find out.	Or is it just a clever marketing ploy to make us think we're worth $9 more than we actually are?
en_0500	-	-	ABC News anchors, correspondents to run 2025 New York City Marathon	conan	conan	The race will be televised on the ABC Family Channel.	In a race that's more exhausting than their usual news cycle, they'll be reporting live... from the water station!
