id,sim_head_fine,sim_head_cmp,sim_fine_cmp,dist_head_fine,dist_head_cmp,dist_fine_cmp,relevance_gap_fine_minus_cmp,novelty_gap_fine_minus_cmp,relevance_mean,disagreement,diverse_but_relevant_score,delta_norm_fine,delta_norm_cmp,delta_alignment_fine_vs_cmp,odd_one_out,triangle_area,triangle_thinness
en_0001,0.6126351395435823,0.5346490199813754,0.457382922369304,0.38736486434936523,0.4653509855270386,0.5426170825958252,0.07798611956220691,-0.07798612117767334,0.5736420797624788,0.5426170825958252,0.31126799177491793,0.8801873214906216,0.9647289567734816,0.36519061724786717,cmp,0.08830596292424497,0.04535595769959933
en_0002,0.4912082864147954,0.4670762583232712,0.572092710238299,0.5087916851043701,0.532923698425293,0.42790722846984863,0.024132028091524205,-0.02413201332092285,0.4791422723690333,0.42790722846984863,0.20502844181217836,1.0087534025570415,1.0323988974003495,0.5893864088772164,head,0.10144184653594919,0.04696837069145638
en_0003,0.5116066689236776,0.49161147511852454,0.5871327230880335,0.48839330673217773,0.5083885192871094,0.4128672480583191,0.019995193805153022,-0.01999521255493164,0.501609072021101,0.4128672480583191,0.20709795716643917,0.9883251803696211,1.0083536332869294,0.5859176636756523,head,0.0935342553956318,0.04707048492196762
en_0004,0.43857072699808963,0.5287311892751058,0.5730855655695152,0.5614292621612549,0.47126883268356323,0.4269144535064697,-0.09016046227701613,0.09016042947769165,0.4836509581365977,0.4269144535064697,0.20647758448076609,1.0596501998319168,0.9708437677864489,0.588851350865014,head,0.09809586288280318,0.04604426184658475
en_0005,0.3078448426011802,0.54934836676157,0.46670247637514295,0.692155122756958,0.4506515860557556,0.5332975387573242,-0.24150352416038973,0.2415035367012024,0.42859660468137506,0.5332975387573242,0.22856951439632317,1.176567173941904,0.9493699313106879,0.5456675315662404,fine,0.12014727678610991,0.042767304457642215
en_0006,0.7337424766918423,0.5337086876004682,0.4918287891020023,0.26625752449035645,0.46629130840301514,0.5081712007522583,0.20003378909137415,-0.2000337839126587,0.6337255821461553,0.5081712007522583,0.3220410900266356,0.7297362856651128,0.9657031763430542,0.3183977167599101,cmp,0.0616195318804669,0.04002863726128522
en_0007,0.6040081031091958,0.46666060760379713,0.5096586659685711,0.39599186182022095,0.5333393812179565,0.49034130573272705,0.1373474955053987,-0.1373475193977356,0.5353343553564964,0.49034130573272705,0.2624965468090922,0.889934713213058,1.0328014256343787,0.47761681360564456,cmp,0.09290029915100169,0.046093612127002706
en_0008,0.4018575064279376,0.46966915539582327,0.6037146498469753,0.5981425046920776,0.5303308367729187,0.39628541469573975,-0.06781164896788566,0.06781166791915894,0.43576333091188046,0.39628541469573975,0.17268665229961142,1.0937481369785853,1.029884308652362,0.6500052018078178,head,0.10313512748879762,0.04436130746703481
en_0009,0.41657714448265115,0.46284871297209196,0.4780314863569149,0.5834227800369263,0.5371512174606323,0.5219684839248657,-0.046271568489440806,0.046271562576293945,0.43971292872737155,0.5219684839248657,0.22951629076998867,1.0802063279923424,1.0364856844432624,0.5346514772029849,head,0.12888422348129133,0.04777124259676713
en_0010,0.6837117345573248,0.49009577759513095,0.501820446358594,0.31628817319869995,0.509904146194458,0.49817949533462524,0.19361595696219386,-0.19361597299575806,0.5869037560762279,0.49817949533462524,0.2923834170120512,0.7953467991293794,1.0098556554328628,0.4083900285338514,cmp,0.07563419427634988,0.04312194345013249
en_0011,0.5903224736267731,0.6666416183363995,0.5088484153060543,0.40967750549316406,0.3333583474159241,0.49115151166915894,-0.07631914470962631,0.07631915807723999,0.6284820459815863,0.49115151166915894,0.30867990694078196,0.9051823312164539,0.8165272581654587,0.34079591737737186,fine,0.06762996482075907,0.04439938656302608
en_0012,0.44971430107824284,0.3910738185573709,0.45241588387895115,0.5502856969833374,0.6089261174201965,0.547584056854248,0.05864048252087195,-0.05864042043685913,0.42039405981780686,0.547584056854248,0.23020108475246212,1.0490812160378782,1.1035634838491435,0.5283001804534874,head,0.1390658603109958,0.04773724588849124
en_0013,0.6738993389934644,0.4640385249845437,0.5649706136892652,0.32610058784484863,0.5359615087509155,0.43502938747406006,0.20986081400892076,-0.2098609209060669,0.5689689319890041,0.43502938747406006,0.2475182059749466,0.8075898228761129,1.0353371190249643,0.510726697854151,cmp,0.07090103806455192,0.04214163465665718
en_0014,0.6282418992948449,0.45146796559821606,0.529537085800042,0.37175798416137695,0.5485320091247559,0.4704629182815552,0.1767739336966288,-0.1767740249633789,0.5398549324465305,0.4704629182815552,0.25398172696748655,0.8622738552283197,1.0474082627149588,0.4980632739955343,cmp,0.08621110348690927,0.04457211561784441
en_0015,0.7328736862708392,0.5620427854071914,0.5977695933369169,0.26712632179260254,0.43795716762542725,0.4022303819656372,0.17083090086364772,-0.1708308458328247,0.6474582358390153,0.4022303819656372,0.26042737350832473,0.7309258700157787,0.9359030020176332,0.44271871457403866,cmp,0.052719726786359035,0.042996357986314133
en_0016,0.6102971363840297,0.5702553729067732,0.6412955615982765,0.38970285654067993,0.4297446012496948,0.3587043881416321,0.04004176347725652,-0.04004174470901489,0.5902762546454015,0.3587043881416321,0.21173468275711294,0.8828395818221677,0.9270864329642914,0.5629330837956967,head,0.06565742824559576,0.04730219908838804
en_0017,0.33364514498256315,0.4850595167302424,0.47392344698028427,0.6663548350334167,0.5149405002593994,0.5260764956474304,-0.15141437174767924,0.15141433477401733,0.40935233085640277,0.5260764956474304,0.21535063970204388,1.1544304699872028,1.0148305112379679,0.5592745323023814,fine,0.1332198316109072,0.045699627117594
en_0018,0.63998650313525,0.4930805499655608,0.5054770703906272,0.360013484954834,0.5069194436073303,0.49452292919158936,0.14690595316968919,-0.14690595865249634,0.5665335265504053,0.49452292919158936,0.2801638190349475,0.8485440434824226,1.0068956748684932,0.43587553136425644,cmp,0.0840576415560697,0.04534924603015964
en_0019,0.3106658342292773,0.643136871303359,0.5097731114520802,0.6893341541290283,0.3568631410598755,0.4902268648147583,-0.33247103707408165,0.33247101306915283,0.4769013527663181,0.4902268648147583,0.2337898549925492,1.1741670799087522,0.8448232107330397,0.5604746026793765,fine,0.08324043612606141,0.03526241817997059
en_0020,0.5302307602731776,0.3825315041944948,0.43661560888554896,0.4697692394256592,0.6174684762954712,0.5633843541145325,0.14769925607868284,-0.147699236869812,0.4563811322338362,0.5633843541145325,0.25711798941361885,0.969297931212919,1.1112771893686157,0.4863288518431975,cmp,0.12638957875974327,0.046389102606345746
en_0021,0.720610748803655,0.46939871331633226,0.6509246375500979,0.2793892025947571,0.5306012630462646,0.3490753173828125,0.2512120354873228,-0.25121206045150757,0.5950047310599936,0.3490753173828125,0.20770146533904227,0.7475148843954145,1.030146869804173,0.5985521779445468,cmp,0.04428880685273097,0.03296687718666351
en_0022,0.6579262800749036,0.5290139719698563,0.5490925527841884,0.3420737385749817,0.47098594903945923,0.4509074091911316,0.12891230810504728,-0.12891221046447754,0.59347012602238,0.4509074091911316,0.26760007695708576,0.8271320570804835,0.9705524488971663,0.45112550974810367,cmp,0.07308439484764254,0.04574599918707124
en_0023,0.38542627910049065,0.4109496655036424,0.5775789349053306,0.6145737171173096,0.5890503525733948,0.4224209785461426,-0.02552338640315177,0.025523364543914795,0.39818797230206654,0.4224209785461426,0.16820295290514325,1.108669221093027,1.0854034590845543,0.6491883310394203,head,0.11880632004468109,0.04493392930442441
en_0024,0.5393128749814367,0.39629490390604205,0.5858994294734647,0.4606870412826538,0.603705108165741,0.4141005277633667,0.1430179710753946,-0.14301806688308716,0.46780388944373935,0.4141005277633667,0.19371783750840812,0.9598824146931358,1.0988221840625148,0.6165420807601636,head,0.09526386853160386,0.04358026411199663
en_0025,0.4073088222132688,0.4202403701232801,0.5763488827152488,0.59269118309021,0.5797595977783203,0.4236510396003723,-0.012931547910011276,0.012931585311889648,0.41377459616827444,0.4236510396003723,0.1752960378269137,1.0887526604208422,1.076809760242467,0.6387007756271694,head,0.11573347915036328,0.04542948599552546
en_0026,0.440240001683358,0.32273557965255595,0.363116469451492,0.5597599744796753,0.677264392375946,0.636883556842804,0.11750442203080202,-0.11750441789627075,0.38148779066795696,0.636883556842804,0.24296330101271146,1.0580737198481418,1.163842274835765,0.4873524579466246,cmp,0.16595117893142625,0.047258925907288855
en_0027,0.4829336097831757,0.48861057997119145,0.523283104752136,0.5170663595199585,0.511389434337616,0.47671693563461304,-0.005676970188015773,0.005676925182342529,0.48577209487718354,0.47671693563461304,0.23157578448665744,1.0169231929863969,1.0113252889439763,0.5364813103610551,head,0.10859998124033923,0.04793547859243385
en_0028,0.5242127615328479,0.4059121527099015,0.4064765925485193,0.4757872223854065,0.5940878391265869,0.593523383140564,0.11830060882294641,-0.11830061674118042,0.46506245712137473,0.593523383140564,0.27602544292234177,0.9754867897282382,1.090034721731467,0.4479875813983909,cmp,0.12943059165790446,0.046778291332014055
en_0029,0.4167095469177575,0.5369968438749565,0.47314603343849637,0.5832904577255249,0.4630030393600464,0.5268539190292358,-0.12028729695719897,0.12028741836547852,0.476853195396357,0.5268539190292358,0.25123197479618464,1.0800837496067073,0.9622922177021319,0.49977057844673184,fine,0.11591979509828601,0.04684020231277197
en_0030,0.6230879501690485,0.4132082015891747,0.4021369688650077,0.376911997795105,0.5867916941642761,0.597862958908081,0.2098797485798738,-0.20987969636917114,0.5181480758791116,0.597862958908081,0.3097815417976146,0.8682304415660064,1.083320634356076,0.38895569450806833,cmp,0.1057813986352878,0.04337987076512122
en_0031,0.32277804140543837,0.4698955827476339,0.4731498553134071,0.677221953868866,0.530104398727417,0.5268501043319702,-0.1471175413421955,0.14711755514144897,0.39633681207653615,0.5268501043319702,0.20881009079312354,1.163805790151056,1.0296644281049683,0.5678540624188768,head,0.1373888784167641,0.04568409292061382
en_0032,0.4594532922328669,0.614206577183795,0.42160927710568064,0.5405466556549072,0.3857933282852173,0.5783907175064087,-0.1547532849509281,0.15475332736968994,0.536829934708331,0.5783907175064087,0.3104974511148701,1.0397564212517596,0.8784001625867391,0.3809711447702866,fine,0.10081360846179387,0.04452476087390178
en_0033,0.39270584946852394,0.45521807127656466,0.45917505079459503,0.6072941422462463,0.5447819232940674,0.5408249497413635,-0.06251222180804072,0.06251221895217896,0.4239619603725443,0.5408249497413635,0.22928920591073124,1.1020836179995381,1.043821755591859,0.5313476741657835,head,0.13661602170985862,0.047669270249363
en_0034,0.6581815124132705,0.4100280206827934,0.5839801595903558,0.3418184518814087,0.5899720191955566,0.41601991653442383,0.24815349173047707,-0.24815356731414795,0.534104766548032,0.41601991653442383,0.22219822039995019,0.8268234244223245,1.0862522536843884,0.5742660508576881,cmp,0.0695993637955805,0.038313133370635674
en_0035,0.34726950164692316,0.39547157465758587,0.4308133449865742,0.6527304649353027,0.6045284271240234,0.5691866874694824,-0.048202073010662705,0.0482020378112793,0.3713705381522545,0.5691866874694824,0.21137916643464078,1.1425677208402805,1.099571212193566,0.5476823475383948,head,0.15894694860776676,0.04764734673914722
en_0036,0.4298808876069335,0.5149402007276052,0.5311741083500096,0.5701191425323486,0.4850597381591797,0.46882593631744385,-0.08505931312067166,0.08505940437316895,0.47241054416726935,0.46882593631744385,0.2214783156954532,1.0678193783529748,0.9849464952700681,0.5575049517695798,head,0.10895727120994153,0.04691195570612262
en_0037,0.5707823102285512,0.5131337660937716,0.581534849555426,0.42921769618988037,0.48686617612838745,0.41846513748168945,0.0576485441347796,-0.05764847993850708,0.5419580381611614,0.41846513748168945,0.2267905449484171,0.9265178786957634,0.9867788342949281,0.5442809403813234,head,0.08444116661507703,0.04741166094691254
en_0038,0.7499725031682336,0.5854940058801321,0.48465867636975035,0.2500274181365967,0.41450589895248413,0.5153412818908691,0.1644784972881015,-0.16447848081588745,0.6677332545241829,0.5153412818908691,0.3441105113476544,0.7071456665097594,0.9105009545517975,0.23171637903040523,cmp,0.051226691717685485,0.03679803316915678
en_0039,0.495602607996155,0.35265583983403404,0.48964980298089744,0.5043973922729492,0.647344172000885,0.510350227355957,0.14294676816212099,-0.1429467797279358,0.42412922391509456,0.510350227355957,0.21645444585337412,1.004387765759664,1.137843715249125,0.5612276677370581,cmp,0.12646082299760836,0.04577685946214525
en_0040,0.4329414776154504,0.3069053369977964,0.36813684099036736,0.5670584440231323,0.6930946111679077,0.6318631172180176,0.126036140617654,-0.1260361671447754,0.3699234073066234,0.6318631172180176,0.23374095727267344,1.064949315586943,1.1773654173638732,0.5010948643329256,cmp,0.16876765417455053,0.047145421758110886
en_0041,0.4051022023120448,0.39254793319738085,0.625583012586827,0.5948977470397949,0.6074520349502563,0.37441694736480713,0.012554269114663952,-0.012554287910461426,0.3988250677547128,0.37441694736480713,0.14932686440128196,1.090777518734187,1.1022268975148621,0.6886331819033268,head,0.10688887665114427,0.042992986845736485
en_0042,0.4135729433828199,0.40975374447187046,0.5787678236964272,0.5864270329475403,0.5902462005615234,0.42123210430145264,0.0038191989109494506,-0.0038191676139831543,0.41166334392734516,0.42123210430145264,0.17340581662628823,1.082983893340229,1.0865047220588873,0.6420177183806628,head,0.11569629666930914,0.045312431019982606
en_0043,0.36518731278955485,0.5740593327115349,0.41107585212872755,0.6348127126693726,0.4259406328201294,0.5889241695404053,-0.20887201992198,0.20887207984924316,0.46962332275054486,0.5889241695404053,0.27657252534767035,1.126776541476122,0.9229741787162473,0.45368818818043777,fine,0.1214505511232484,0.044627378863783575
en_0044,0.4305801667260339,0.5565132669834542,0.5153882409329691,0.569419801235199,0.44348669052124023,0.48461174964904785,-0.12593310025742027,0.12593311071395874,0.49354671685474405,0.48461174964904785,0.23917853798852073,1.0671643109418212,0.941792687396272,0.525641607924038,fine,0.10405806837805966,0.04640144628893087
en_0045,0.43043592716181267,0.47124083083823476,0.5041944753020493,0.5695640444755554,0.5287591218948364,0.4958055019378662,-0.04080490367642209,0.040804922580718994,0.4508383790000237,0.4958055019378662,0.2235281487929607,1.0672994639164655,1.0283571064195212,0.5489585798307927,head,0.12106597784209998,0.047640396791240096
en_0046,0.7124733618269021,0.4520789759866189,0.45656430279208743,0.2875267267227173,0.5479210019111633,0.5434356927871704,0.26039438584028324,-0.26039427518844604,0.5822761689067605,0.5434356927871704,0.31642965324330485,0.758322672973844,1.0468247456125412,0.3678515796606806,cmp,0.07566782517154412,0.039797533015729414
en_0047,0.7433098912265215,0.38748171994087244,0.482933811936764,0.25669002532958984,0.6125182509422302,0.5170661807060242,0.35582817128564903,-0.3558282256126404,0.565395805583697,0.5170661807060242,0.29234704978036796,0.7165055600251525,1.1068136971135907,0.44404193269105136,cmp,0.06552968607357822,0.03409884314409554
en_0048,0.5765405591770054,0.5908117373404793,0.6133086169069459,0.42345941066741943,0.40918833017349243,0.3866913318634033,-0.014271178163473897,0.014271080493927002,0.5836761482587424,0.3866913318634033,0.22570250714707435,0.9202819576879626,0.9046416557505196,0.5356669281499393,head,0.07123885562704355,0.047914609510596166
en_0049,0.49967371810513017,0.33069712724543027,0.44176184575006283,0.5003262162208557,0.6693028807640076,0.55823814868927,0.1689765908596999,-0.16897666454315186,0.41518542267528025,0.55823814868927,0.23177234171702052,1.0003262286822934,1.1569813073291804,0.5282640335617304,cmp,0.13671204272231338,0.0457916221464896
en_0050,0.6208378967287402,0.5142720644988172,0.5727091904946087,0.379162073135376,0.4857279062271118,0.427290678024292,0.106565832229923,-0.10656583309173584,0.5675549806137787,0.427290678024292,0.2425109524825254,0.8708181248357887,0.9856246095762651,0.5098442786173467,cmp,0.07778905765286712,0.046587782450782524
en_0051,0.45056338364102544,0.5399346285009118,0.46986163232713635,0.549436628818512,0.4600653052330017,0.530138373374939,-0.08937124485988635,0.08937132358551025,0.4952490060709686,0.530138373374939,0.26255050249401857,1.048271545315406,0.9592344567404656,0.47672343698375097,fine,0.11223046654352696,0.047344793175603486
en_0052,0.5011332570758147,0.43284797559895516,0.6551593408208409,0.4988667368888855,0.5671519637107849,0.3448406457901001,0.06828528147685953,-0.06828522682189941,0.4669906163373849,0.3448406457901001,0.1610373457157007,0.9988661000596476,1.0650371114670552,0.6779076263902252,head,0.08523842242263859,0.04282210028208184
en_0053,0.4673698865613021,0.46185760315634095,0.5080023986868978,0.5326300859451294,0.5381423234939575,0.4919975996017456,0.005512283404961127,-0.005512237548828125,0.4646137448588215,0.4919975996017456,0.22858884721251804,1.0321144446607633,1.0374414651860213,0.5405280512279863,head,0.1169709664016641,0.04789475342686103
en_0054,0.4256018221111638,0.5228777807434175,0.5045645529246167,0.5743981599807739,0.4771221876144409,0.49543535709381104,-0.09727595863225369,0.09727597236633301,0.47423980142729066,0.49543535709381104,0.23495516536822778,1.0718191805419754,0.9768543589057506,0.531116505379633,fine,0.11264181172497166,0.0470699644522291
en_0055,0.4618332614058586,0.3735909452995485,0.5011584138423952,0.5381667017936707,0.6264089941978455,0.4988415837287903,0.08824231610631011,-0.0882422924041748,0.4177121033527036,0.4988415837287903,0.20837216717914678,1.0374649281726498,1.1192935760563008,0.5733019741964724,head,0.12916658948029008,0.046681819526247684
en_0056,0.38843085239017217,0.38975123434015924,0.5491812188884103,0.6115691065788269,0.6102488040924072,0.4508187770843506,-0.0013203819499870706,0.0013203024864196777,0.3890910433651657,0.4508187770843506,0.175409548344358,1.1059558287832547,1.1047613006073673,0.6310265825944368,head,0.12798760047654437,0.04574721499160871
en_0057,0.4442003967749891,0.6614908837612739,0.4929220020290256,0.5557995438575745,0.33850908279418945,0.5070779323577881,-0.21729048698628473,0.217290461063385,0.5528456402681314,0.5070779323577881,0.2803358241801816,1.0543240519166874,0.8228111766848162,0.4463705247165199,fine,0.08437687151182253,0.042964278515370054
en_0058,0.6123872845735101,0.5191448108760878,0.4920646502260557,0.3876127004623413,0.48085516691207886,0.5079352855682373,0.09324247369742233,-0.09324246644973755,0.565766047724799,0.5079352855682373,0.28737253901590876,0.8804688698943196,0.9806683324385592,0.417549847235896,cmp,0.08793257780574565,0.046415014173546085
en_0059,0.550096906369123,0.4509609486940402,0.5275477773341579,0.44990313053131104,0.5490390062332153,0.47245216369628906,0.09913595767508282,-0.0991358757019043,0.5005289275315816,0.47245216369628906,0.2364759748048788,0.948581144268509,1.0478922189862465,0.5296621748861742,cmp,0.10164350471963084,0.04694847527559809
en_0060,0.6395388950904508,0.6236803311583383,0.6448099716869974,0.3604610562324524,0.3763197660446167,0.3551900386810303,0.01585856393211249,-0.015858709812164307,0.6316096131243946,0.3551900386810303,0.22434144291696428,0.8490713808738928,0.8675478878328986,0.5180362775297689,head,0.0572627151180149,0.048023060862940496
en_0061,0.6303706002185094,0.4590122144014338,0.5070047993574054,0.3696293830871582,0.5409877896308899,0.49299514293670654,0.17135838581707563,-0.1713584065437317,0.5446914073099716,0.49299514293670654,0.2685302182031753,0.8598016047687868,1.040180547403734,0.4669564449769665,cmp,0.08847849910019262,0.044910036347157234
en_0062,0.3971163192985725,0.39733672248472024,0.4325802909227582,0.6028836369514465,0.6026632785797119,0.5674196481704712,-0.000220403186147744,0.00022035837173461914,0.39722652089164634,0.5674196481704712,0.2253941327283183,1.0980743879186212,1.0978736516696987,0.5293259258420043,head,0.15088576530932418,0.048000656732926195
en_0063,0.47013289918040935,0.4122214262628561,0.4670845273019209,0.5298670530319214,0.5877785682678223,0.532915472984314,0.05791147291755322,-0.05791151523590088,0.44117716272163277,0.532915472984314,0.23511013634167657,1.0294339229106355,1.0842311319429487,0.5238840514892573,cmp,0.13011049542036504,0.0477583289370066
en_0064,0.5009657309330566,0.4393918851384759,0.47426386142708393,0.4990342855453491,0.5606081485748291,0.5257360935211182,0.06157384579458075,-0.06157386302947998,0.4701788080357663,0.5257360935211182,0.24718996979313948,0.9990338022979435,1.0588749830471242,0.5047079322894451,cmp,0.12009021289970277,0.04777950775254778
en_0065,0.657275933315441,0.5704321437269837,0.5212957845943549,0.342724084854126,0.429567813873291,0.47870421409606934,0.08684378958845729,-0.08684372901916504,0.6138540385212123,0.47870421409606934,0.2938545150799952,0.827917950867789,0.9268957398467382,0.38257772711094806,cmp,0.07132427325964685,0.04557486960531028
en_0066,0.5550187797773064,0.44067672266834623,0.4357016081659735,0.4449811577796936,0.559323251247406,0.5642983913421631,0.11434205710896017,-0.1143420934677124,0.4978477512228263,0.5642983913421631,0.2809346851483543,0.9433782064715022,1.0576608883112337,0.4409876419594713,cmp,0.11477065476054715,0.04664497742943915
en_0067,0.43652642072202197,0.46333478525391103,0.4945952770486332,0.5634735226631165,0.5366652011871338,0.5054047703742981,-0.026808364531889062,0.026808321475982666,0.4499306029879665,0.5054047703742981,0.22739707308750268,1.0615776742923504,1.0360166164170235,0.5407597039216855,head,0.1232934273807885,0.047829492777521916
en_0068,0.5619934845021403,0.3379496363398262,0.3549355435608761,0.4380064606666565,0.6620503664016724,0.6450644135475159,0.22404384816231404,-0.22404390573501587,0.44997156042098324,0.6450644135475159,0.29026064073602215,0.9359556779013198,1.1506957579309778,0.422462698537192,cmp,0.1347545591323806,0.04424785868641987
en_0069,0.6347469582015688,0.4730603886285324,0.5584459239309493,0.3652529716491699,0.5269395112991333,0.4415540099143982,0.1616865695730364,-0.16168653964996338,0.5539036734150506,0.4415540099143982,0.24457838810273086,0.854696486243428,1.0265861983988172,0.513595283917144,cmp,0.079636517808123,0.04476779260831429
en_0070,0.43895482536557273,0.4254246331833442,0.6965573955948088,0.5610451698303223,0.5745753049850464,0.3034425973892212,0.013530192182228507,-0.013530135154724121,0.4321897292744585,0.3034425973892212,0.131144774015986,1.0592876612463935,1.0719844838584702,0.7328477934398671,head,0.08293395951877901,0.04004725402873586
en_0071,0.538236274290616,0.3823792578436506,0.5327281812215713,0.4617636799812317,0.6176207661628723,0.4672718048095703,0.15585701644696542,-0.15585708618164062,0.4603077660671333,0.4672718048095703,0.21508884061805086,0.9610033566116032,1.1114141821628418,0.573100140940956,cmp,0.10715466795843748,0.04479437615013658
en_0072,0.5828759017099909,0.3973236271085182,0.42734260914508393,0.41712403297424316,0.6026763916015625,0.5726574063301086,0.18555227460147272,-0.18555235862731934,0.49009976440925457,0.5726574063301086,0.280659259929601,0.9133718829589716,1.097885579549601,0.44590443847544153,cmp,0.11428949400825775,0.04506822235365331
en_0073,0.4641504063405387,0.5295401747066191,0.4648600038695241,0.5358495712280273,0.47045981884002686,0.5351400375366211,-0.06538976836608035,0.06538975238800049,0.4968452905235789,0.5351400375366211,0.2658818074206814,1.0352290506544541,0.9700101291155476,0.4692068875540442,fine,0.11316026872695568,0.04762504603669476
en_0074,0.5911600942259518,0.4907201710854071,0.6045957987222621,0.4088398814201355,0.5092798471450806,0.3954041600227356,0.10043992314054473,-0.10043996572494507,0.5409401326556795,0.3954041600227356,0.21388997877530613,0.9042564965473551,1.0092371662940214,0.5727703563052085,head,0.07922257429211636,0.04591694647830424
en_0075,0.6286271627596492,0.3310185560834264,0.29787657232183545,0.37137287855148315,0.6689814329147339,0.7021234035491943,0.29760860667622285,-0.29760855436325073,0.4798228594215378,0.7021234035491943,0.33689485915775674,0.8618269399831392,1.1567034571717796,0.339290048826697,cmp,0.12205042400881146,0.040198035325241424
en_0076,0.5816026162094265,0.5586272652617761,0.6676838983393811,0.41839730739593506,0.44137275218963623,0.3323161005973816,0.022975350947650464,-0.022975444793701172,0.5701149407356013,0.3323161005973816,0.18945837399756232,0.9147648701066012,0.9395453525383692,0.6137017722869924,head,0.06571992321199961,0.04624680722625457
en_0077,0.602458643776257,0.4562032683778228,0.46527549616230646,0.3975412845611572,0.543796718120575,0.5347244739532471,0.1462553753984342,-0.14625543355941772,0.52933095607704,0.5347244739532471,0.2830462170354645,0.8916741066373332,1.0428774919636314,0.4372627015210146,cmp,0.09961589616033074,0.045721362736027886
en_0078,0.5447018897325007,0.45180870597698825,0.5293382210686225,0.45529812574386597,0.5481913089752197,0.4706617593765259,0.09289318375551242,-0.09289318323135376,0.49825529785474443,0.4706617593765259,0.23450971510698895,0.9542516547195496,1.0470828945437052,0.533264590498544,cmp,0.10223167023169853,0.04704369212561915
en_0079,0.49858398897690515,0.4739545120167449,0.4970839596995716,0.5014159679412842,0.5260454416275024,0.5029160380363464,0.024629476960160268,-0.02462947368621826,0.486269250496825,0.5029160380363464,0.24455260487876693,1.0014150098965908,1.0257148609465057,0.5106724007059451,cmp,0.11251356192397939,0.048040526621271055
en_0080,0.5146914551022007,0.4754480675153017,0.5885892881430074,0.48530852794647217,0.5245518684387207,0.41141068935394287,0.03924338758689899,-0.039243340492248535,0.49506976130875124,0.41141068935394287,0.2036769917783253,0.9851990102489939,1.0242577141371192,0.5930543432068435,head,0.09442414528224394,0.04674436027794789
en_0081,0.5412578056500374,0.6004787383000973,0.5592894814347094,0.4587421417236328,0.39952123165130615,0.44071048498153687,-0.0592209326500599,0.05922091007232666,0.5708682719750674,0.44071048498153687,0.25158763300270387,0.9578540539664309,0.8938917850611481,0.4876713650254688,fine,0.08040674895461611,0.04765315733094947
en_0082,0.396053206481496,0.41993854936713815,0.4348458756677812,0.6039467453956604,0.5800614356994629,0.5651540756225586,-0.023885342885642147,0.02388530969619751,0.4079958779243171,0.5651540756225586,0.23058053324613167,1.099042122503504,1.077090015395985,0.5227835923254907,head,0.14686822499997737,0.04800291942607305
en_0083,0.6710224627901755,0.5389352511071015,0.5503801089197484,0.32897746562957764,0.4610646963119507,0.4496198296546936,0.13208721168307402,-0.13208723068237305,0.6049788569486385,0.4496198296546936,0.27201049060593807,0.811144299381836,0.9602757404963421,0.43704287565068173,cmp,0.06979864624530559,0.04541929908690958
en_0084,0.4316006200575766,0.3515468568684171,0.3747027235066306,0.5683993697166443,0.6484531164169312,0.6252973079681396,0.08005376318915952,-0.08005374670028687,0.3915737384629968,0.6252973079681396,0.24485000453193229,1.0662076532668705,1.1388179337642894,0.48719095559019987,cmp,0.16184453629710352,0.0476922881128585
en_0085,0.4824674140333606,0.3588611893738889,0.49263425072122297,0.517532467842102,0.6411387324333191,0.5073657035827637,0.12360622465947169,-0.12360626459121704,0.42066430170362473,0.5073657035827637,0.21343063940601154,1.0173815272223488,1.1323769784185047,0.5653403254898857,head,0.12814724002136219,0.04616788959978317
en_0086,0.5722233001842689,0.4272441352722076,0.5599021099328751,0.4277766942977905,0.5727558135986328,0.4400978684425354,0.1449791649120613,-0.14497911930084229,0.49973371772823827,0.4400978684425354,0.21993174396106133,0.9249612962883705,1.070285816712333,0.5661110950950399,cmp,0.09334341527075059,0.04497576419016634
en_0087,0.5901028216040458,0.4567486443210444,0.4688723335847053,0.4098971486091614,0.5432513356208801,0.5311276316642761,0.13335417728300142,-0.13335418701171875,0.5234257329625451,0.5311276316642761,0.27800586990053444,0.9054249592273831,1.0423544077509876,0.4471632012411538,cmp,0.10172407697084454,0.04617366626684646
en_0088,0.546201938881925,0.4285676385633418,0.46874405202386954,0.4537980556488037,0.57143235206604,0.5312559604644775,0.11763430031858324,-0.11763429641723633,0.4873847887226334,0.5312559604644775,0.25892607404861906,0.9526783939169347,1.0690485128717575,0.48502126324439115,cmp,0.11356700606234026,0.04687718604260567
en_0089,0.8315456995904755,0.46943345281194415,0.4270165318663115,0.16845417022705078,0.5305664539337158,0.57298344373703,0.3621122467785314,-0.36211228370666504,0.6504895762012098,0.57298344373703,0.3727197574868104,0.5804382833851065,1.0301131463951485,0.21079406847162316,cmp,0.044449842676175515,0.027472186605939503
en_0090,0.5507009661009404,0.4663305873168703,0.4480203006228345,0.44929903745651245,0.5336693525314331,0.5519797205924988,0.08437037878407011,-0.08437031507492065,0.5085157767089054,0.5519797205924988,0.2806903963446591,0.9479441269389873,1.033120915172207,0.44008041067657083,cmp,0.11091989243850915,0.04707843772613736
en_0091,0.7992445949991697,0.47675559225752606,0.501484695378049,0.20075535774230957,0.5232443809509277,0.4985153079032898,0.3224890027416436,-0.32248902320861816,0.6380000936283479,0.4985153079032898,0.31805281311746353,0.6336488065179802,1.0229803592860174,0.3478570361702294,cmp,0.04989842993866676,0.03338708128932968
en_0092,0.4641299254240897,0.4505584814226258,0.59468393729769,0.5358700752258301,0.5494415163993835,0.4053160548210144,0.013571444001463928,-0.013571441173553467,0.45734420342335774,0.4053160548210144,0.18536894822681482,1.035248834412201,1.0482762217825743,0.6265930495705828,head,0.10195953376043151,0.04588698225112541
en_0093,0.5817347028251313,0.4927688008596483,0.49877980955357976,0.41826528310775757,0.5072312355041504,0.5012202262878418,0.08896590196548299,-0.08896595239639282,0.5372517518423898,0.5012202262878418,0.26928144463198206,0.9146204646462581,1.0072052413886174,0.46056389278305904,cmp,0.09594235426161328,0.04713406042359405
en_0094,0.5589578370644401,0.6354126610966406,0.5245877859023635,0.44104212522506714,0.36458730697631836,0.47541218996047974,-0.0764548240322005,0.07645481824874878,0.5971852490805404,0.47541218996047974,0.2839091470774743,0.9391934443292923,0.8539172546603792,0.4117455975098602,fine,0.0762960343214281,0.04649170611142075
en_0095,0.34876509900337316,0.43989002708212865,0.410690284296807,0.6512348651885986,0.5601099133491516,0.5893096923828125,-0.0911249280787555,0.09112495183944702,0.3943275630427509,0.5893096923828125,0.23238105487478763,1.1412579909876879,1.0584044339645138,0.514967060083502,fine,0.15404622520997643,0.04751057574530478
en_0096,0.35945637573271316,0.5981393187365389,0.3261590511749409,0.6405435800552368,0.40186071395874023,0.6738408803939819,-0.23868294300382575,0.23868286609649658,0.47879784723462604,0.6738408803939819,0.32263356291132367,1.1318512484132244,0.8965050822649713,0.36322024289037186,fine,0.12529431458207171,0.04253757290178675
en_0097,0.7101142581902788,0.5865880331767419,0.4349833002331954,0.2898857593536377,0.4134119749069214,0.5650166273117065,0.12352622501353694,-0.12352621555328369,0.6483511456835104,0.5650166273117065,0.36632917764777795,0.7614272674520148,0.9092985943278015,0.19972277628101276,cmp,0.057724610298588074,0.035884523964176275
en_0098,0.4372567772105595,0.5663222646833685,0.5671817401788586,0.5627432465553284,0.4336777925491333,0.43281829357147217,-0.12906548747280905,0.12906545400619507,0.501789520946964,0.43281829357147217,0.21718368418831147,1.0608894596417107,0.9313192098487303,0.5704326404286646,head,0.0926963101150447,0.04537874992250488
en_0099,0.47421557239113726,0.4441089527535286,0.4674797098526401,0.525784432888031,0.5558910369873047,0.5325202345848083,0.03010661963760869,-0.03010660409927368,0.45916226257233295,0.5325202345848083,0.2445131957775101,1.0254603138189824,1.0544107807173362,0.5078861772139853,cmp,0.12514300973216866,0.04802796894577944
en_0100,0.3418030388218012,0.4803708866952854,0.5054884657528445,0.6581969857215881,0.5196290612220764,0.49451154470443726,-0.1385678478734842,0.13856792449951172,0.4110869627585433,0.49451154470443726,0.2032872489615827,1.147342112168989,1.0194401535202684,0.5842059722598892,head,0.12686213767524407,0.0453611567393903
en_0201,0.5593412166062091,0.6254015406351257,0.5664333642206866,0.4406588077545166,0.3745984435081482,0.4335665702819824,-0.0660603240289166,0.06606036424636841,0.5923713786206674,0.4335665702819824,0.2568324269617724,0.9387851547545807,0.8655616204117121,0.4697288859095674,fine,0.07396080583310156,0.047424120511230586
en_0202,0.46775374663388036,0.5550584846088217,0.5844534168958995,0.5322462320327759,0.44494152069091797,0.4155465364456177,-0.08730473797494132,0.08730471134185791,0.511406115621351,0.4155465364456177,0.21251304006355948,1.0317424614370772,0.9433361176072691,0.577060277859042,head,0.08982978365587244,0.046310963607174425
en_0203,0.38220109597314433,0.44016689720307445,0.35203096287043295,0.617798924446106,0.5598331093788147,0.6479690074920654,-0.057965801229930114,0.05796581506729126,0.4111839965881094,0.6479690074920654,0.26643448616581805,1.1115744725630001,1.0581428096404815,0.4503153607199342,fine,0.15865445018662158,0.04760367798913794
en_0204,0.5394307353622484,0.720659705307271,0.5312691065987634,0.46056920289993286,0.2793402671813965,0.4687308669090271,-0.18122896994502258,0.18122893571853638,0.6300452203347597,0.4687308669090271,0.29532164231940095,0.9597596205693916,0.747449389179935,0.3780169331941278,fine,0.06186996818068602,0.04235315076375148
en_0205,0.5341403318232145,0.5087753676769413,0.47374722647091877,0.46585965156555176,0.49122464656829834,0.5262527465820312,0.025364964146273206,-0.025364995002746582,0.5214578497500779,0.5262527465820312,0.27441862565773867,0.965256098842981,0.991185787148967,0.4503082004587197,cmp,0.10505167935852729,0.047744496050086585
en_0206,0.5402515828138048,0.44804993298597673,0.41101590528034493,0.4597483277320862,0.5519500374794006,0.5889841318130493,0.09220164982782808,-0.09220170974731445,0.49415075789989077,0.5889841318130493,0.2910469551264275,0.9589039755744007,1.0506665189431166,0.4195725038534821,cmp,0.11962775675665185,0.046689751966688946
en_0207,0.4385696282696195,0.5048239758082396,0.5409383162601338,0.5614303946495056,0.4951760768890381,0.4590616226196289,-0.06625434753862008,0.06625431776046753,0.4716968020389295,0.4590616226196289,0.21653789932848086,1.0596512367098718,0.9951643323509543,0.5666470813279945,head,0.10807553246508785,0.04704561680618058
en_0208,0.47409335156042576,0.5324725943128239,0.5156742068045521,0.5259066820144653,0.4675273895263672,0.4843258261680603,-0.05837924275239814,0.058379292488098145,0.5032829729366248,0.4843258261680603,0.24375294166384837,1.025579493203305,0.9669823221622782,0.513360301150729,fine,0.10425731006598409,0.04774179700560258
en_0209,0.42969003066253186,0.5910597675251287,0.40040174010531454,0.5703099966049194,0.40894025564193726,0.5995982885360718,-0.1613697368625968,0.16136974096298218,0.5103748990938303,0.5995982885360718,0.306019916008431,1.0679980986288957,0.9043674391251284,0.39307029847658037,fine,0.1117729227097047,0.04483897406244075
en_0210,0.5735934385815751,0.5515942412023505,0.5467146939951275,0.4264066219329834,0.4484056830406189,0.4532853364944458,0.021999197379224622,-0.021999061107635498,0.5625938398919628,0.4532853364944458,0.2550155380251307,0.9234788155863943,0.9470013292468493,0.4820009413583377,cmp,0.0846890559795282,0.048013932873625334
en_0211,0.39970629066222,0.3428854734028816,0.4303745847666415,0.6002936959266663,0.6571145057678223,0.5696253776550293,0.05682081725933841,-0.056820809841156006,0.3712958820325508,0.5696253776550293,0.21149955702454898,1.0957132009223767,1.1463982960534425,0.5475438408178914,head,0.15883886098587066,0.04758430223908933
en_0212,0.4683089617734642,0.35606623418813327,0.502039207845745,0.5316910147666931,0.6439337730407715,0.49796080589294434,0.11224272758533094,-0.11224275827407837,0.41218759798079874,0.49796080589294434,0.2052532684695955,1.0312041875657179,1.1348425140184577,0.5790741220746042,head,0.12916460633424545,0.04611557914292543
en_0213,0.5362732112880403,0.4552671144652932,0.43314244284155046,0.46372681856155396,0.544732928276062,0.5668575763702393,0.08100609682274706,-0.08100610971450806,0.49577016287666675,0.5668575763702393,0.28103107296494606,0.9630439125107016,1.04377477027825,0.4393172550413525,cmp,0.11698581650772562,0.04714081785959718
en_0214,0.29401384563922295,0.44535403772227045,0.37851647762501617,0.7059861421585083,0.5546459555625916,0.6214835047721863,-0.1513401920830475,0.15134018659591675,0.3696839416807467,0.6214835047721863,0.22975247173374697,1.1882644102730477,1.0532292839431776,0.5106999585530718,fine,0.16527966442382228,0.04665807667661494
en_0215,0.4929304319686177,0.41656139916510737,0.4895340928471666,0.50706946849823,0.5834385752677917,0.5104658603668213,0.07636903280351032,-0.07636910676956177,0.4547459155668625,0.5104658603668213,0.23213226503813633,1.007044753753657,1.0802209041070188,0.5332100035338322,cmp,0.12159429117174331,0.04743999989731808
en_0216,0.6234275648936016,0.5271582475827608,0.5449229224428888,0.37657248973846436,0.472841739654541,0.4550771117210388,0.09626931731084087,-0.09626924991607666,0.5752929062381812,0.4550771117210388,0.2618026341644739,0.8678391960569637,0.972462598167394,0.4672566393751828,cmp,0.07975128134901159,0.04686571725904092
en_0217,0.5252663933990425,0.6540911325805651,0.6210871281169916,0.4747335910797119,0.34590888023376465,0.3789128065109253,-0.1288247391815226,0.12882471084594727,0.5896787629898037,0.3789128065109253,0.22343683502435727,0.9744060822890603,0.8317558144304555,0.5450303321714053,fine,0.06484769769697295,0.04506652067952138
en_0218,0.6859120226699382,0.511000934566396,0.5555974721715029,0.3140878677368164,0.48899900913238525,0.44440245628356934,0.17491108810354228,-0.17491114139556885,0.5984564786181671,0.44440245628356934,0.26595552907672887,0.7925755198466099,0.9889378801862169,0.4576178550918478,cmp,0.0683191383450656,0.04390042237351459
en_0219,0.542416930281796,0.4757138149853243,0.5063829811449261,0.45758306980133057,0.524286150932312,0.49361705780029297,0.06670311529647177,-0.06670308113098145,0.5090653726335601,0.49361705780029297,0.25128335146738773,0.9566431620183192,1.0239982275518602,0.498419544865943,cmp,0.10378103244113132,0.047670272739645136
en_0220,0.36093216843574305,0.5321889244222164,0.4547808640139983,0.6390677690505981,0.46781104803085327,0.5452190637588501,-0.17125675598647339,0.17125672101974487,0.44656054642897974,0.5452190637588501,0.24347332303564884,1.1305466213865374,0.9672756334962477,0.5136113289219562,fine,0.12465486781106133,0.04567070274567937
en_0221,0.5017130609918875,0.529386907927414,0.424471660654664,0.4982869625091553,0.47061312198638916,0.5755283832550049,-0.027673846935526547,0.027673840522766113,0.5155499844596507,0.5755283832550049,0.2967136490432057,0.9982854692001808,0.9701681215877851,0.4061639309683839,fine,0.1120184516123522,0.046962798546947904
en_0222,0.5712790974918409,0.3894465702009471,0.4117634507783907,0.4287208914756775,0.6105533838272095,0.5882365703582764,0.18183252729089383,-0.18183249235153198,0.480362833846394,0.5882365703582764,0.28256698590938534,0.9259815360018351,1.105037039921334,0.4407920585115555,cmp,0.11982632647555913,0.045238111074234366
en_0223,0.449689047096484,0.44232879992605517,0.43679861084715194,0.5503109693527222,0.5576711893081665,0.563201367855072,0.007360247170428824,-0.007360219955444336,0.4460089235112696,0.563201367855072,0.2511928357971152,1.0491052882370921,1.0560977228210888,0.4916981586212834,cmp,0.13433512582095108,0.0480995811370235
en_0224,0.6354682696380844,0.520740162842408,0.5040815966857248,0.3645316958427429,0.4792598485946655,0.495918333530426,0.11472810679567647,-0.11472815275192261,0.5781042162402462,0.495918333530426,0.28669247952477594,0.8538521304791776,0.9790401801331667,0.41613835431254914,cmp,0.08234204810223213,0.045877542476482396
en_0225,0.5158900803189175,0.5180459425088806,0.47580253007960394,0.48410987854003906,0.48195403814315796,0.5241974592208862,-0.002155862189963109,0.0021558403968811035,0.516968011413899,0.5241974592208862,0.27099331808164,0.9839816255206018,0.9817882230818615,0.45738959111086364,fine,0.10634277471547712,0.047883192296043826
en_0226,0.4991311411517275,0.4347073036903103,0.44135700714335957,0.5008687973022461,0.5652927160263062,0.5586429834365845,0.06442383746141722,-0.06442391872406006,0.4669192224210189,0.5586429834365845,0.2608411474371682,1.000868481718025,1.063289891148872,0.4768955093041914,cmp,0.12597767956101547,0.04771900504677449
en_0227,0.454015762365805,0.4066030800493919,0.6138170656664099,0.5459842085838318,0.5933969020843506,0.38618290424346924,0.0474126823164131,-0.0474126935005188,0.4303094212075984,0.38618290424346924,0.16617814200527664,1.044972954323886,1.0894006792274442,0.6616321417256419,head,0.10270814948287608,0.044131026818508855
en_0228,0.5692100218263643,0.4259106986485296,0.43673587805746045,0.4307899475097656,0.5740892887115479,0.5632641315460205,0.14329932317783467,-0.14329934120178223,0.49756036023744693,0.5632641315460205,0.28025790420087066,0.9282133140325403,1.0715309620831963,0.4440086727353825,cmp,0.1133279107705814,0.046085611167785194
en_0229,0.4856734379657418,0.5976860415705971,0.550115058215231,0.5143264532089233,0.40231388807296753,0.44988495111465454,-0.11201260360485532,0.11201256513595581,0.5416797397681694,0.44988495111465454,0.2436935632454017,1.0142253812977249,0.8970105444524078,0.5130474039605766,fine,0.08699582727458496,0.04658682076529928
en_0230,0.46136566530195,0.5090573173060912,0.5827483094970987,0.5386343002319336,0.49094271659851074,0.4172516465187073,-0.04769165200414116,0.04769158363342285,0.4852114913040206,0.4172516465187073,0.2024552936564,1.0379155405889733,0.9909012894268622,0.5953739311250488,head,0.09753986901070515,0.04659592739963377
en_0231,0.5353537124160864,0.4564091779071765,0.5378688645750245,0.46464627981185913,0.543590784072876,0.462131142616272,0.07894453450890992,-0.07894450426101685,0.49588144516163146,0.462131142616272,0.22916225885475297,0.9639982236331281,1.0426800296282877,0.5433124267144367,head,0.10200599002450841,0.04718168733954481
en_0232,0.4538844794549246,0.4198662000746882,0.525381824180119,0.546115517616272,0.5801337957382202,0.47461825609207153,0.03401827938023638,-0.03401827812194824,0.4368753397648064,0.47461825609207153,0.20734901188880364,1.0450985796039287,1.0771571843749745,0.5788492744637723,head,0.12087726103498242,0.04716651593899541
en_0233,0.559714921820559,0.5661684110145679,0.5991214391236093,0.4402850270271301,0.4338315725326538,0.40087854862213135,-0.006453489194008899,0.006453454494476318,0.5629416664175635,0.40087854862213135,0.22567123819239687,0.938386997117331,0.9314843949153753,0.5414048512411723,head,0.07783781542308772,0.04788214245372982
en_0234,0.3973070850121756,0.4524564046487909,0.5332247270226809,0.6026928424835205,0.5475436449050903,0.46677523851394653,-0.05514931963661529,0.055149197578430176,0.42488174483048324,0.46677523851394653,0.1983242777834706,1.0979006466778534,1.0464641373226404,0.5948760688172957,head,0.12181724617365418,0.04658889812254521
en_0235,0.521751579819763,0.5662469363994089,0.5171196851529456,0.4782484173774719,0.43375301361083984,0.4828803539276123,-0.044495356579645984,0.04449540376663208,0.5439992581095859,0.4828803539276123,0.26268655429231536,0.978006564579438,0.9314000897579847,0.4710878397444634,fine,0.09300076750337122,0.047798220294425944
en_0236,0.663352659219537,0.3078542874273904,0.3935090839242985,0.33664727210998535,0.6921457052230835,0.6064908504486084,0.3554983717921466,-0.35549843311309814,0.4856034733234637,0.6064908504486084,0.29451406351674564,0.820545356187533,1.1765591464712768,0.4374283465476243,cmp,0.10208539925152449,0.03817485077168173
en_0237,0.35013370240720554,0.4347955880976505,0.38594109094321366,0.6498662233352661,0.565204381942749,0.6140589118003845,-0.08466188569044497,0.08466184139251709,0.392464645252428,0.6140589118003845,0.2409964129838299,1.1400581542998536,1.0632068584262888,0.49583619304986837,fine,0.1594212781917517,0.0476493927863948
en_0238,0.5732317454378291,0.24430049486112668,0.30816249406384755,0.4267682433128357,0.7556995153427124,0.6918374300003052,0.32893125057670236,-0.3289312720298767,0.4087661201494779,0.6918374300003052,0.2827997020354107,0.923870396280962,1.2293896901624592,0.43197011963932885,cmp,0.14591441538307148,0.04153532227711754
en_0239,0.5909080117390826,0.5217832027794757,0.4095223809163605,0.4090919494628906,0.4782167673110962,0.5904775857925415,0.06912480895960693,-0.06912481784820557,0.5563456072592792,0.5904775857925415,0.3285096110407446,0.9045352267998389,0.9779742299473176,0.3355495050787832,cmp,0.09709737903604165,0.04446151259580574
en_0240,0.6036470463233432,0.32388211586351245,0.41366249425009416,0.3963528871536255,0.6761178374290466,0.5863374471664429,0.27976493045983075,-0.27976495027542114,0.46376458109342783,0.5863374471664429,0.27192254056453524,0.8903403323186663,1.1628567273198251,0.4695405915812761,cmp,0.11568231822690662,0.04204115615117892
en_0241,0.4522074807132981,0.5422796627551869,0.47513506967201574,0.5477924942970276,0.4577203392982483,0.524864912033081,-0.09007218204188883,0.0900721549987793,0.4972435717342425,0.524864912033081,0.2609857035373082,1.046701981737592,0.956786640003729,0.4799421845673773,fine,0.1108688008633073,0.0473382356209824
en_0242,0.6524701673225294,0.6487762272240706,0.514527454400827,0.34752988815307617,0.3512237071990967,0.48547250032424927,0.0036939400984588033,-0.003693819046020508,0.6506231972733,0.48547250032424927,0.31585967034922624,0.8337023841605239,0.8381214384275456,0.3052349762636861,cmp,0.06099378236363542,0.043492694248442106
en_0243,0.4875931927835392,0.49540548339505586,0.4444609399622279,0.5124067664146423,0.5045944452285767,0.555539071559906,-0.00781229061151667,0.007812321186065674,0.4914993380892975,0.555539071559906,0.2730470859544367,1.012330783110403,1.004584010030962,0.4537613360464088,fine,0.1182988705979341,0.047838443370906196
en_0244,0.6032924313366976,0.5619683631824526,0.49924600304546707,0.39670753479003906,0.43803155422210693,0.5007539987564087,0.04132406815424505,-0.04132401943206787,0.5826303972595751,0.5007539987564087,0.29175450122476715,0.8907385347713467,0.9359825178042032,0.4005984413346416,cmp,0.08332300697215078,0.04671772063720026
en_0245,0.49018134938661734,0.4782130238785224,0.42162326682625395,0.5098186731338501,0.5217869877815247,0.5783767104148865,0.011968325508094957,-0.01196831464767456,0.48419718663256983,0.5783767104148865,0.2800483759966886,1.0097709152212524,1.0215546741329877,0.43937274749153377,cmp,0.12348869056807733,0.04764144704581352
en_0246,0.5172164015407164,0.37737936119445864,0.5133518511967976,0.48278355598449707,0.6226206421852112,0.4866480827331543,0.1398370403462577,-0.1398370862007141,0.4472978813675875,0.4866480827331543,0.21767665637813838,0.982632788440609,1.1159037940660843,0.5642888638357215,cmp,0.1156592176478531,0.04563158978759135
en_0247,0.5489349281447731,0.44537633847475344,0.5204633991966878,0.4510650038719177,0.5546236634254456,0.47953659296035767,0.10355858967001963,-0.10355865955352783,0.49715563330976326,0.47953659296035767,0.23840431856841277,0.9498053188472122,1.0532081100383208,0.5259719005381955,cmp,0.10347674204941826,0.04690920714769272
en_0248,0.3499553201890789,0.4558203682363756,0.5012024348760828,0.6500446796417236,0.5441795587539673,0.49879753589630127,-0.10586504804729674,0.10586512088775635,0.4028878442127273,0.49879753589630127,0.20095946393588127,1.1402146112122238,1.0432445847102443,0.5846267041419935,head,0.1322246616647502,0.046130416635445794
en_0249,0.6520573236732727,0.4069671408011112,0.46179402136798625,0.347942590713501,0.5930328369140625,0.5382059812545776,0.24509018287216155,-0.24509024620056152,0.5295122322371919,0.5382059812545776,0.28498665053751965,0.8341974302606393,1.0890664435183823,0.4433364229392624,cmp,0.09246163556403549,0.042258949021009684
en_0250,0.5574597456504155,0.5355724696963886,0.5016048200023462,0.4425402283668518,0.46442747116088867,0.49839508533477783,0.02188727595402684,-0.021887242794036865,0.546516107673402,0.49839508533477783,0.2723809421207158,0.9407871750290653,0.9637712698598266,0.45061316837073456,cmp,0.09432426368152762,0.04775804340391524
en_0251,0.5745171011866107,0.4971342439325588,0.4143734579720482,0.4254828691482544,0.5028657913208008,0.585626482963562,0.07738285725405192,-0.07738292217254639,0.5358256725595847,0.585626482963562,0.3137937041026548,0.9224780743338987,1.0028616615141304,0.37046317550537866,cmp,0.10453609492798162,0.04560671405081607
en_0252,0.5015183784960711,0.37096770732926704,0.4721682700965326,0.4984815716743469,0.6290322542190552,0.5278316736221313,0.13055067116680402,-0.13055068254470825,0.436243042912669,0.5278316736221313,0.23026289544660536,0.9984804670136804,1.1216347825123232,0.5354637866596309,cmp,0.12738927952378323,0.046489575063530277
en_0253,0.4354126391764014,0.4219657378825364,0.6448304158415573,0.5645873546600342,0.5780342221260071,0.35516953468322754,0.013446901293864999,-0.0134468674659729,0.4286891885294689,0.35516953468322754,0.15225733961374188,1.0626263320881886,1.075206270552273,0.6892102848459484,head,0.09636113608691214,0.04295358468888584
en_0254,0.7834603257739821,0.5040402736874756,0.4801600129499932,0.21653956174850464,0.49595969915390015,0.5198399424552917,0.27942005208650644,-0.2794201374053955,0.6437502997307288,0.5198399424552917,0.3346471187675989,0.658087644962308,0.9959515312629671,0.2939464995650312,cmp,0.05339853375501906,0.03516161408385672
en_0255,0.36876074693907895,0.40637174956971583,0.4130758788283855,0.6312392354011536,0.5936282277107239,0.5869240760803223,-0.03761100263063688,0.03761100769042969,0.3875662482543974,0.5869240760803223,0.227471962176629,1.123600688021257,1.0896130050896822,0.5210721502758799,head,0.1574249550394652,0.047957564931296756
en_0256,0.4984450973831533,0.3259879813189642,0.374624999893053,0.5015549063682556,0.6740120649337769,0.6253750324249268,0.17245711606418906,-0.17245715856552124,0.41221653935105873,0.6253750324249268,0.25778993166275943,1.0015536956317883,1.1610443735542888,0.47314162060074844,cmp,0.14959342011815632,0.046122520950152256
en_0257,0.4174530842958408,0.5433892282030581,0.5757145722512533,0.5825469493865967,0.4566107392311096,0.424285352230072,-0.1259361439072173,0.12593621015548706,0.4804211562494495,0.424285352230072,0.20383565949807614,1.0793951229315049,0.9556262572752408,0.5960962291136827,head,0.09608411563481183,0.044864202237997454
en_0258,0.4788411658334647,0.4781711069659229,0.5500421637744324,0.5211588144302368,0.5218288898468018,0.4499577283859253,0.0006700588675417896,-0.0006700754165649414,0.4785061363996938,0.4499577283859253,0.21530753415313195,1.0209396007272278,1.0215957057800087,0.5685877195773069,head,0.10584528899436495,0.04748797646535452
en_0259,0.8180464888173404,0.5525665481031716,0.6365116986140475,0.18195343017578125,0.4474334716796875,0.36348825693130493,0.2654799407141688,-0.26548004150390625,0.685306518460256,0.36348825693130493,0.2491008718587796,0.6032470657743128,0.9459740502749826,0.4659525686537373,cmp,0.031892679768961575,0.03235204382073162
en_0260,0.5673386549061714,0.41623235446823054,0.4886823159854466,0.4326612949371338,0.5837676525115967,0.5113176703453064,0.15110630043794088,-0.1511063575744629,0.49178550468720095,0.5113176703453064,0.25145861856625035,0.9302272250303456,1.0805254698819173,0.5025312061571083,cmp,0.10727682687005656,0.045962459185487976
en_0261,0.46651595009540836,0.5232496839317953,0.40600377225935835,0.5334839820861816,0.4767502546310425,0.5939961671829224,-0.05673373383638691,0.05673372745513916,0.4948828170136018,0.5939961671829224,0.293958496510767,1.0329414793729519,0.9764735696046304,0.4126726246540508,fine,0.12079192399044532,0.04693582034542639
en_0262,0.5367231991926962,0.427599097876176,0.38982634947903305,0.46327680349349976,0.5724009275436401,0.6101737022399902,0.10912410131652017,-0.10912412405014038,0.4821611485344361,0.6101737022399902,0.2942020530775427,0.9625765432497341,1.0699541131504877,0.4131457349005539,cmp,0.12559775777964888,0.04636610626744481
en_0263,0.6110265120580474,0.40211927629064415,0.4014559216298026,0.3889734745025635,0.5978807210922241,0.5985440611839294,0.20890723576740322,-0.20890724658966064,0.5065728941743457,0.5985440611839294,0.3032061973648098,0.8820130247813268,1.0935087779340007,0.4026071208488722,cmp,0.11002382081414894,0.04377336867994442
en_0264,0.46029365673842715,0.4749300749147767,0.4227019655507987,0.539706289768219,0.5250699520111084,0.5772979855537415,-0.01463641817634953,0.014636337757110596,0.4676118658266019,0.5772979855537415,0.26995138816272374,1.0389478747863852,1.0247633142196526,0.4578654784673641,fine,0.1290846031858906,0.04787280496458944
en_0265,0.5429930598109785,0.5182005268250536,0.5521184822612135,0.45700687170028687,0.4817994236946106,0.44788146018981934,0.024792532985924876,-0.02479255199432373,0.530596793318016,0.44788146018981934,0.2376444665633088,0.9560407315475861,0.9816307586612659,0.5231069651831012,head,0.09224302424701006,0.04797071278871152
en_0266,0.36162299581008217,0.5445972004355497,0.5520024558723929,0.6383769512176514,0.4554027318954468,0.447997510433197,-0.18297420462546754,0.1829742193222046,0.45311009812281594,0.447997510433197,0.20299219591116316,1.129935400091454,0.9543613566825201,0.5988522000618842,head,0.10200954613351933,0.04291386008991702
en_0267,0.6586480854180057,0.42173234611218274,0.5042960142448029,0.34135186672210693,0.5782676339149475,0.4957039952278137,0.23691573930582294,-0.23691576719284058,0.5401902157650942,0.4957039952278137,0.26777444813773194,0.8262589359056812,1.0754233156183821,0.477071819650757,cmp,0.08431776594583593,0.04209278471628304
en_0268,0.5463096198765311,0.5592404085944221,0.5224571313259232,0.4536902904510498,0.4407595992088318,0.4775428771972656,-0.012930788717890995,0.012930691242218018,0.5527750142354766,0.4775428771972656,0.26397377074076894,0.9525653574673695,0.9388925299581187,0.46615315435186566,fine,0.09025860603649627,0.047949598873210986
en_0269,0.38504944116045964,0.5659469926924379,0.4604741938961792,0.6149505376815796,0.4340529441833496,0.5395258069038391,-0.18089755153197823,0.18089759349822998,0.4754982169264488,0.5395258069038391,0.256543559168579,1.1090090701518547,0.9317220694043502,0.4930645170508926,fine,0.11431845144049754,0.04530288706492781
en_0270,0.6351133930963864,0.4055342512777793,0.4691632811856886,0.3648865222930908,0.5944657325744629,0.5308367013931274,0.22957914181860706,-0.22957921028137207,0.5203238221870828,0.5308367013931274,0.2762069814260552,0.8542676476416666,1.090381354134617,0.46003862699170334,cmp,0.09561774542664211,0.04305819479534306
en_0271,0.5808932260620814,0.536067295777881,0.4778610948095081,0.41910678148269653,0.4639326333999634,0.5221388936042786,0.044825930284200344,-0.044825851917266846,0.5584802609199813,0.5221388936042786,0.2916042655365878,0.9155400307336852,0.9632577061431886,0.40923026179602395,cmp,0.09261453694699733,0.0469046916871738
en_0272,0.6566641684302122,0.42359421113672485,0.486388684319352,0.3433358073234558,0.5764057636260986,0.5136113166809082,0.2330699572934874,-0.23306995630264282,0.5401291897834686,0.5136113166809082,0.27741646434247946,0.8286565411191634,1.0736906340871892,0.4564694000430164,cmp,0.08730021674311148,0.04249218567859941
en_0273,0.5949879826985638,0.4177366167041522,0.3658749992724416,0.40501201152801514,0.5822633504867554,0.6341249346733093,0.1772513659944116,-0.17725133895874023,0.5063622997013579,0.6341249346733093,0.3210969602191503,0.9000133524581028,1.0791324138360854,0.36361016195096224,cmp,0.11517923307716443,0.04381206124984852
en_0274,0.45980730328988045,0.4317902643760535,0.3350820687316773,0.540192723274231,0.568209707736969,0.6649179458618164,0.028017038913826953,-0.028016984462738037,0.445798783832967,0.6649179458618164,0.29641961161391234,1.0394158904982358,1.0660297703384713,0.4002393287875696,cmp,0.14728380854198092,0.04683608622651219
en_0275,0.38652320678040614,0.5015933042503561,0.4373400137962578,0.6134768128395081,0.4984067678451538,0.5626599788665771,-0.11507009746994995,0.11507004499435425,0.44405825551538114,0.5626599788665771,0.24985380866381346,1.1076793698716192,0.9984054244139944,0.49662446989802994,fine,0.13204785396483157,0.04709105811980503
en_0276,0.4807939209916577,0.4183542196058274,0.6290561620641797,0.5192061066627502,0.5816457867622375,0.3709438443183899,0.06243970138583027,-0.062439680099487305,0.4495740702987425,0.3709438443183899,0.16676673394248162,1.0190251017598555,1.0785599477026504,0.6641083878851965,head,0.09474680402642341,0.0437390642555785
en_0277,0.6946898640462686,0.4511225887620923,0.39908839664499096,0.30531013011932373,0.548877477645874,0.6009116172790527,0.24356727528417632,-0.2435673475265503,0.5729062264041804,0.6009116172790527,0.3442660070577752,0.781421955096901,1.0477379550611954,0.3093539434206132,cmp,0.08337217929556175,0.03937639337086096
en_0278,0.5674362927115983,0.6200236619648092,0.5503224642723813,0.4325636625289917,0.3799762725830078,0.4496774673461914,-0.052587369253210836,0.05258738994598389,0.5937299773382038,0.4496774673461914,0.26698699249695507,0.930122257865494,0.8717526461504902,0.4475162278735681,fine,0.07555949192383583,0.04742645918056107
en_0279,0.9420183720823059,0.5345044802915773,0.5279057774643034,0.05798155069351196,0.4654954671859741,0.4720941185951233,0.4075138917907286,-0.40751391649246216,0.7382614261869416,0.4720941185951233,0.34852887728850285,0.3405337807551397,0.9648787692849534,0.15638167955477644,cmp,0.013476581868791242,0.01359675148421792
en_0280,0.4443096905179934,0.489100343953967,0.46510352393228327,0.5556902885437012,0.5108996629714966,0.5348964333534241,-0.044790653435973604,0.04479062557220459,0.46670501723598024,0.5348964333534241,0.24963884914767415,1.0542203844377196,1.0108408935594495,0.498938629730389,fine,0.12296288497734682,0.04794325790174929
en_0281,0.6687965191189613,0.4700006546636013,0.6224439074255708,0.3312034606933594,0.529999315738678,0.3775559663772583,0.19879586445536002,-0.1987958550453186,0.5693985868912813,0.3775559663772583,0.214979833727583,0.8138838748630406,1.0295623782330035,0.5771824942086665,cmp,0.062112167094880336,0.040476524674580155
en_0282,0.5331372851876612,0.4983431789212515,0.6060175105940577,0.4668627381324768,0.5016568303108215,0.39398252964019775,0.03479410626640972,-0.03479409217834473,0.5157402320544564,0.39398252964019775,0.20319264126203734,0.9662946908809326,1.0016554508200393,0.5935947967012182,head,0.08680491926608898,0.046759512864585046
en_0283,0.4552705099494639,0.6437740740846714,0.6197628013513521,0.544729471206665,0.35622596740722656,0.3802371621131897,-0.18850356413520747,0.18850350379943848,0.5495222920170676,0.3802371621131897,0.2089487968345053,1.0437715171918962,0.8440686298107861,0.5910436699311016,fine,0.06743027806232037,0.04107959061760707
en_0284,0.2916119546445902,0.49387064947324805,0.3907136002330824,0.7083880305290222,0.5061293244361877,0.6092864274978638,-0.20225869482865783,0.20225870609283447,0.3927413020589191,0.6092864274978638,0.23929194486233824,1.1902840378291313,1.0061106803197675,0.5053878454015157,fine,0.1509586329270056,0.04538389126958021
en_0285,0.6029494297042131,0.6006708168852635,0.7044387193635924,0.3970506191253662,0.39932918548583984,0.2955613136291504,0.002278612818949588,-0.002278566360473633,0.6018101232947383,0.2955613136291504,0.1778717905963138,0.8911235271226846,0.8936768802142492,0.6288714908037245,head,0.054640476549110376,0.045826431294178134
en_0286,0.5366551656426679,0.4078697849970363,0.4690617700046559,0.4633448123931885,0.592130184173584,0.5309381484985352,0.1287853806456316,-0.1287853717803955,0.4722624753198521,0.5309381484985352,0.2507421642516574,0.962647219242161,1.0882373040867181,0.500708782080325,cmp,0.11746613501050526,0.046674543584447004
en_0287,0.7109128769566099,0.33385700366488846,0.3790157279010766,0.28908705711364746,0.6661429405212402,0.6209842562675476,0.3770558732917214,-0.3770558834075928,0.5223849403107492,0.6209842562675476,0.3243928236442379,0.7603776996248504,1.1542469374749158,0.3808359323884563,cmp,0.08953353644184482,0.03603754831808172
en_0288,0.6399813229986907,0.577488247584645,0.7064814099115693,0.36001867055892944,0.4225116968154907,0.29351866245269775,0.062493075414045696,-0.06249302625656128,0.6087347852916678,0.29351866245269775,0.17867501996724047,0.8485501481955078,0.9192516003960561,0.6269132740637088,head,0.052008925578926064,0.044917312284113664
en_0289,0.44338962219804534,0.3402883549244897,0.5237873317208753,0.5566104054450989,0.6597115993499756,0.47621262073516846,0.10310126727355562,-0.10310119390487671,0.39183898856126753,0.47621262073516846,0.18659867164897892,1.0550927710888314,1.1486615211414632,0.6106792633788898,head,0.13008671971525135,0.045410662539517706
en_0290,0.4936715633923476,0.4729837995013345,0.6446747044490684,0.5063284635543823,0.5270162224769592,0.35532528162002563,0.020687763891013067,-0.020687758922576904,0.483327681446841,0.35532528162002563,0.17173854452485282,1.006308537783172,1.0266608013347598,0.6562721051212689,head,0.08604970061654521,0.04462223069668291
en_0291,0.3313537553762915,0.4187148753586065,0.4059520064952624,0.6686462163925171,0.5812850594520569,0.5940479636192322,-0.087361119982315,0.0873611569404602,0.375034315367449,0.5940479636192322,0.222788371331366,1.1564136324202583,1.078225509475076,0.5260218908469559,fine,0.16154930056055292,0.04751087486749511
en_0292,0.5127704125838988,0.47877675562450067,0.5718476602873843,0.487229585647583,0.5212231874465942,0.42815232276916504,0.0339936569593981,-0.03399360179901123,0.4957735841041997,0.42815232276916504,0.2122666116018071,0.9871469874503,1.0210026879254521,0.5757636315211837,head,0.09742273050623318,0.04720472721950707
en_0293,0.6912682353881542,0.3693056725046282,0.4085345835015433,0.30873173475265503,0.6306942701339722,0.591465413570404,0.321962562883526,-0.32196253538131714,0.5302869539463912,0.591465413570404,0.3136463925268921,0.7857884761331718,1.123115601792952,0.39427573468650295,cmp,0.09053074303378737,0.038628452281460494
en_0294,0.6838086869321003,0.5140738358477768,0.5442975096671447,0.31619131565093994,0.48592615127563477,0.4557024836540222,0.1697348510843235,-0.16973483562469482,0.5989412613899385,0.4557024836540222,0.2729390203782679,0.7952248902894071,0.9858257088879585,0.4418822614311628,cmp,0.06979076032277505,0.04411242895356956
en_0295,0.25617484571657645,0.35046214251110386,0.4235523079463394,0.7438251972198486,0.6495379209518433,0.5764477252960205,-0.09428729679452741,0.09428727626800537,0.30331849411384015,0.5764477252960205,0.17484725597213754,1.2196927107131725,1.139770027232596,0.5876373344933907,head,0.1803483140690178,0.046479670340133485
en_0296,0.5885995563590433,0.4104704531539966,0.5044816377643703,0.4114004373550415,0.5895295143127441,0.4955183267593384,0.17812910320504666,-0.17812907695770264,0.4995350047565199,0.4955183267593384,0.24752874971466887,0.9070837267209201,1.0858448755195218,0.5131331448098434,cmp,0.10053236610973641,0.04489339837612774
en_0297,0.46389748801151726,0.4662202061319485,0.6132714633919908,0.5361025333404541,0.5337797999382019,0.38672852516174316,-0.002322718120431222,0.0023227334022521973,0.46505884707173284,0.38672852516174316,0.1798515220414719,1.03547333330075,1.0332277521128164,0.6385332063665692,head,0.09644270892733758,0.04545506826216123
en_0298,0.414450825102191,0.4719631339982823,0.4206775518724797,0.5855491757392883,0.5280368328094482,0.5793224573135376,-0.057512308896091324,0.05751234292984009,0.4432069795502367,0.5793224573135376,0.2567597564915539,1.0821729759126395,1.0276544808462795,0.4804097087411766,fine,0.13705792757110996,0.04782304300347484
en_0299,0.6580216148512374,0.41570724093828354,0.4773534011245364,0.34197837114334106,0.5842927694320679,0.5226466059684753,0.2423143739129539,-0.2423143982887268,0.5368644278947605,0.5226466059684753,0.2805903711044038,0.827016789610419,1.0810113404231394,0.45147425747923425,cmp,0.08853333008403057,0.042171527946301794
en_0300,0.4176707938460461,0.6682447798873707,0.4608472083807922,0.5823291540145874,0.33175522089004517,0.5391527414321899,-0.25057398604132464,0.25057393312454224,0.5429577868667084,0.5391527414321899,0.2927371792711405,1.0791934082025831,0.8145615018064982,0.4265097081404014,fine,0.08809574099775792,0.0417140108785849
en_0301,0.8849654321364413,0.4652926443934706,0.49825970505999373,0.11503446102142334,0.5347073078155518,0.5017402768135071,0.4196727877429707,-0.4196728467941284,0.675129038264956,0.5017402768135071,0.3387394305438958,0.4796552258936801,1.0341250945669285,0.2983762398122514,cmp,0.02838012175694752,0.021404244980409597
en_0302,0.5547917314764825,0.47754444481916025,0.4389254668660546,0.44520819187164307,0.5224555134773254,0.5610744953155518,0.07724728665732228,-0.07724732160568237,0.5161680881478214,0.5610744953155518,0.2896087495555322,0.9436188515746359,1.022208936745164,0.4215214244398695,cmp,0.1095341303905204,0.04686873464052864
en_0303,0.5999402999935377,0.6125387666664903,0.6623839226809567,0.40005964040756226,0.38746124505996704,0.33761608600616455,-0.012598466672952613,0.012598395347595215,0.606239533330014,0.33761608600616455,0.20467621842508307,0.894493935145971,0.8802968060075077,0.5713656853677648,head,0.06000999212007743,0.04740375866839627
en_0304,0.36317774323726,0.48917652448066284,0.46060315766621096,0.6368222236633301,0.5108234286308289,0.5393968820571899,-0.12599878124340286,0.12599879503250122,0.4261771338589614,0.5393968820571899,0.22987861720759345,1.1285585999519387,1.0107655272310554,0.5332204398852327,fine,0.1328213418433186,0.04666763567854184
en_0305,0.6322627849585047,0.44117798938224784,0.5668625312786988,0.36773717403411865,0.5588220357894897,0.4331374168395996,0.1910847955762569,-0.1910848617553711,0.5367203871703763,0.4331374168395996,0.23247368206412655,0.8575980585816351,1.0571868431055618,0.5442303489933933,cmp,0.07959662441131443,0.043053712865949646
en_0306,0.5966677802938946,0.3965976161849009,0.49997089334985584,0.4033322334289551,0.6034023761749268,0.5000290870666504,0.20007016410899364,-0.20007014274597168,0.4966326982393977,0.5000290870666504,0.2483307947080933,0.8981449991021561,1.0985466615625386,0.5135593623585185,cmp,0.10010392580037436,0.04409210304934669
en_0307,0.4499702149102914,0.47689993294268324,0.5332912887921836,0.5500297546386719,0.5231000185012817,0.4667086601257324,-0.02692971803239186,0.026929736137390137,0.4634350739264873,0.4667086601257324,0.21628916240750065,1.0488372467544314,1.0228392513560638,0.565273785650795,head,0.11256060412612329,0.0474718443621154
en_0308,0.35784626697787725,0.4007601084193175,0.40843228220018335,0.6421536803245544,0.5992398858070374,0.5915677547454834,-0.042913841441440226,0.04291379451751709,0.3793031876985974,0.5915677547454834,0.2243835351146639,1.1332729000749313,1.0947510142317134,0.5237778898396792,head,0.16098073118354245,0.04791453684371287
en_0309,0.31224681308146296,0.34490927217767164,0.5886449823954448,0.6877531409263611,0.6550906896591187,0.4113548994064331,-0.032662459096208685,0.03266245126724243,0.3285780426295673,0.4113548994064331,0.13516218767304836,1.1728198386099524,1.1446315807475598,0.6938740648858702,head,0.1310423120399297,0.04258473631540607
en_0310,0.5418108178719218,0.5572124476236909,0.6060380436428197,0.45818912982940674,0.4427875280380249,0.39396196603775024,-0.015401629751769175,0.015401601791381836,0.5495116327478063,0.39396196603775024,0.21648668319793996,0.9572765348926909,0.9410500011968643,0.5628212741345267,head,0.07974382037256479,0.047555271849690335
en_0311,0.46103293925212874,0.49826068072419943,0.509808793928016,0.5389670133590698,0.5017392635345459,0.49019116163253784,-0.0372277414720707,0.037227749824523926,0.4796468099881641,0.49019116163253784,0.23511862696143931,1.0382360625097466,1.001737809285245,0.5293209926685817,head,0.1121778446542441,0.04786465121244422
en_0312,0.5764659021830996,0.5119761992110577,0.5824070513739901,0.423534095287323,0.4880238175392151,0.41759300231933594,0.06448970297204182,-0.06448972225189209,0.5442210506970786,0.41759300231933594,0.22726290248597658,0.9203630781565503,0.9879512141689405,0.5432521412371888,head,0.08357701691759639,0.047308401800571845
en_0313,0.35999119415809333,0.5461763780687513,0.4863237628080321,0.640008807182312,0.4538235664367676,0.5136761665344238,-0.18618518391065797,0.18618524074554443,0.4530837861134223,0.5136761665344238,0.23273834236964558,1.1313786332098614,0.9527052240134395,0.5382430262484372,fine,0.11558321835048073,0.04472889870103583
en_0314,0.5426988495673291,0.4070586845255147,0.4714031854828896,0.4573010206222534,0.5929412841796875,0.5285967588424683,0.13564016504181436,-0.13564026355743408,0.47487876704642185,0.5285967588424683,0.2510193771038461,0.9563484202242094,1.0889823832133236,0.5008856531742503,cmp,0.11591255181864037,0.046500191410518685
en_0315,0.3383272137335943,0.6074294807254625,0.4315132528138426,0.661672830581665,0.39257049560546875,0.568486750125885,-0.26910226699186823,0.2691023349761963,0.47287834722952843,0.568486750125885,0.26882507482141443,1.1503675814855054,0.8860818464166134,0.47654969887128434,fine,0.11114824120628944,0.04220948211324249
en_0316,0.520621553425601,0.568716741741143,0.6325348821906811,0.47937846183776855,0.43128323554992676,0.367465078830719,-0.04809518831554194,0.0480952262878418,0.544669147583372,0.367465078830719,0.20014689125338433,0.9791613213096183,0.9287445916492398,0.5973192142072833,head,0.07588736814498938,0.04645384054164594
en_0317,0.6798718161375957,0.4503648980993413,0.4293331700282256,0.32012808322906494,0.5496350526809692,0.5706667900085449,0.2295069180382544,-0.2295069694519043,0.5651183571184686,0.5706667900085449,0.322494278831699,0.8001602137852198,1.0484608737579661,0.3565185120997285,cmp,0.08573590200860977,0.041321725676096446
en_0318,0.45161661484514615,0.44807744550230455,0.6253699901817031,0.548383355140686,0.5519225001335144,0.3746299743652344,0.003539169342841597,-0.003539144992828369,0.44984703017372535,0.3746299743652344,0.16852618138225955,1.0472663320806739,1.0506403328424962,0.6595253716821935,head,0.0968904689793547,0.044538420009442026
en_0319,0.4890275491202346,0.46249501973415424,0.3825972335859435,0.5109723806381226,0.5375049114227295,0.6174027323722839,0.02653252938608036,-0.026532530784606934,0.47576128442719445,0.6174027323722839,0.2937363169622972,1.0109129051305712,1.036826871050173,0.4112751924681789,cmp,0.13067882297069347,0.04708881624136537
en_0320,0.6350060374175157,0.4625213195941099,0.5992515985575284,0.3649939298629761,0.5374786853790283,0.4007483720779419,0.1724847178234058,-0.17248475551605225,0.5487636785058128,0.4007483720779419,0.21991615081670754,0.8543933082398119,1.0368015050200208,0.5663848498287313,cmp,0.07312494826824767,0.043055579726894874
en_0321,0.7034405617835409,0.5798923229063491,0.6745394106360703,0.29655933380126953,0.4201076626777649,0.3254605531692505,0.1235482388771918,-0.12354832887649536,0.641666442344945,0.3254605531692505,0.20883711527573076,0.7701421144392241,0.9166326168031022,0.554166043766437,cmp,0.04806314876106211,0.044255827459866705
en_0322,0.5233189566039481,0.469020027869336,0.584334551783651,0.47668105363845825,0.5309799313545227,0.4156653881072998,0.05429892873461212,-0.05429887771606445,0.4961694922366421,0.4156653881072998,0.2062404845575457,0.9764026253508868,1.0305144075952206,0.5883495808211664,head,0.09457097462199522,0.04668193737448961
en_0323,0.49718549948459534,0.49390623897163244,0.5674014846070417,0.502814531326294,0.5060937404632568,0.4325985312461853,0.0032792605129629004,-0.0032792091369628906,0.4955458692281139,0.4325985312461853,0.21437241519319628,1.002810550917176,1.0060753063547156,0.5712241760236866,head,0.09857094035100251,0.047436813366513036
en_0324,0.608236224096675,0.3773179046069446,0.46084503153250966,0.3917638063430786,0.6226820945739746,0.5391550064086914,0.2309183194897304,-0.230918288230896,0.4927770643518098,0.5391550064086914,0.2656832212886561,0.8851709167198449,1.1159588660815913,0.4811540865383812,cmp,0.1046640910819186,0.04336294542207653
en_0325,0.38904976319302453,0.31279128706191106,0.33014321077217657,0.610950231552124,0.6872086524963379,0.6698567271232605,0.07625847613111347,-0.07625842094421387,0.3509205251274678,0.6698567271232605,0.23506647444226147,1.1053960709238793,1.1723555031969513,0.48483203752225895,cmp,0.18500685000440642,0.04776730402482691
en_0326,0.37934126793860456,0.4719375975920769,0.36307583910174834,0.6206586956977844,0.5280623435974121,0.636924147605896,-0.09259632965347231,0.09259635210037231,0.4256394327653407,0.636924147605896,0.27110003290152174,1.1141442743750876,1.0276793297599438,0.44699087687706196,fine,0.1506036232453638,0.04723295156882748
en_0327,0.4786208365967646,0.39790517498491845,0.5567958793849905,0.5213791131973267,0.6020947694778442,0.44320404529571533,0.08071566161184612,-0.08071565628051758,0.43826300579084154,0.44320404529571533,0.19423993706996048,1.0211553881787387,1.0973557536324143,0.6070744515931784,head,0.1124734181254067,0.04582373068764853
en_0328,0.4189585987676371,0.6513087162798707,0.5135659990565796,0.5810413360595703,0.3486911654472351,0.4864339828491211,-0.23235011751223367,0.2323501706123352,0.535133657523754,0.4864339828491211,0.26030719638589717,1.07799944455678,0.8350943464305445,0.492427571408103,fine,0.08465118657560104,0.042208938094276637
en_0329,0.5505866187634701,0.5413009138596561,0.5127489541774898,0.4494134187698364,0.4586990475654602,0.48725104331970215,0.009285704903814085,-0.00928562879562378,0.5459437663115632,0.48725104331970215,0.2660116697291968,0.9480647459288102,0.9578090479217074,0.46347059452443407,cmp,0.09333126447612555,0.047934966347114305
en_0330,0.2719570489989848,0.40427041286507664,0.43343120282909176,0.7280429005622864,0.5957295894622803,0.5665687322616577,-0.13231336386609183,0.1323133111000061,0.33811373093203073,0.5665687322616577,0.1915646678944199,1.2066838450903492,1.0915398179955904,0.5748832692020449,head,0.16477490006780884,0.046111648319340594
en_0331,0.4864810773477647,0.6188170782253876,0.5449736247633026,0.5135189294815063,0.3811829090118408,0.45502638816833496,-0.13233600087762287,0.13233602046966553,0.5526490777865761,0.45502638816833496,0.25146991378978695,1.0134287568963454,0.8731356386892161,0.4968866138284968,fine,0.08384465023601104,0.046023823630601195
en_0332,0.6877640885248442,0.5618823337931357,0.6077523491413743,0.31223583221435547,0.4381176233291626,0.39224767684936523,0.12588175473170848,-0.12588179111480713,0.62482321115899,0.39224767684936523,0.2450854530186742,0.7902352959405897,0.9360744267491387,0.4841107255886718,cmp,0.0594088911074581,0.04550531718609956
en_0333,0.3458312299011347,0.38356430037284994,0.42875066132917583,0.6541687846183777,0.616435706615448,0.5712493658065796,-0.03773307047171526,0.03773307800292969,0.3646977651369923,0.5712493658065796,0.20833336704558378,1.143825834730852,1.1103474227710444,0.5506542244049171,head,0.16173078752368752,0.04767408489676228
en_0334,0.3621767582215,0.4356441833307692,0.49954054273465537,0.637823224067688,0.5643557906150818,0.5004594326019287,-0.07346742510926924,0.0734674334526062,0.3989104707761346,0.5004594326019287,0.1996385078635926,1.129445210515765,1.0624084117412007,0.5847994279951073,head,0.1352761301454159,0.04666339136631805
en_0335,0.48800210661045407,0.5813539148833744,0.5640121698403024,0.5119978785514832,0.41864603757858276,0.43598783016204834,-0.09335180827292033,0.09335184097290039,0.5346780107469142,0.43598783016204834,0.2331131057409075,1.0119267694744971,0.9150367043093143,0.5342146720851577,fine,0.08753891309362942,0.04687034389562094
en_0336,0.4253360883029599,0.5111712002748933,0.5339670990750277,0.5746638774871826,0.48882871866226196,0.46603286266326904,-0.08583511197193339,0.08583515882492065,0.4682536442889266,0.46603286266326904,0.21822158630047656,1.0720670797082061,0.9887656949197896,0.5636290206445423,head,0.10946998122310642,0.046793079042358784
en_0337,0.5118070241637873,0.5046450494084109,0.6005716083566646,0.48819291591644287,0.49535489082336426,0.3994283080101013,0.007161974755376388,-0.007161974906921387,0.5082260367860991,0.3994283080101013,0.20299986596015107,0.9881224375918325,0.9953441119447974,0.5939060069715397,head,0.08973610516264484,0.04691782346060216
en_0338,0.5619814553409075,0.3860545548039106,0.46447619404815044,0.4380185008049011,0.613945484161377,0.5355238318443298,0.1759269005369969,-0.17592698335647583,0.47401800507240904,0.5355238318443298,0.2538479384395815,0.9359685300896523,1.1081023826308556,0.497942151694227,cmp,0.11449475415029814,0.045432306643313505
en_0339,0.6297980281013,0.43057519416236517,0.5662097559229228,0.37020188570022583,0.5694247484207153,0.4337901473045349,0.19922283393893486,-0.1992228627204895,0.5301866111318326,0.4337901473045349,0.22998972814176985,0.8604672822352973,1.0671689705361889,0.5508617811474005,cmp,0.08029459241322215,0.042567838541905954
en_0340,0.8889811107975676,0.42539029845776766,0.5282382917585201,0.1110188364982605,0.574609637260437,0.47176170349121094,0.46359081233979993,-0.4635908007621765,0.6571857046276677,0.47176170349121094,0.31003504752522026,0.47120884796962725,1.0720165125055041,0.42337833166367456,cmp,0.010873622139939748,0.008117357115031735
en_0341,0.4072702167372756,0.5982896273613492,0.4914251130682955,0.5927297472953796,0.4017103314399719,0.508574903011322,-0.19101941062407357,0.19101941585540771,0.5027799220493123,0.508574903011322,0.2557012500922691,1.0887881182881496,0.896337405934452,0.49785280909176244,fine,0.10069606449327954,0.044574438201721765
en_0342,0.5264490462802613,0.622791210098935,0.4575773878319752,0.4735509753227234,0.37720876932144165,0.5424225926399231,-0.09634216381867367,0.09634220600128174,0.5746201281895982,0.5424225926399231,0.3116869397156868,0.9731916088003829,0.8685721500267727,0.36477206528195916,fine,0.08746493316020712,0.045062787087620425
en_0343,0.5246689910464573,0.42029627256727164,0.40878740062474983,0.47533100843429565,0.579703688621521,0.5912126302719116,0.10437271847918561,-0.10437268018722534,0.47248263180686445,0.5912126302719116,0.2793376995083315,0.9750189833572905,1.0767578441160557,0.44179455285622915,cmp,0.1271251736198433,0.04690740344400016
en_0344,0.5538513738812669,0.6445459225890893,0.5260758473039802,0.4461485743522644,0.35545408725738525,0.47392410039901733,-0.09069454870782234,0.09069448709487915,0.5991986482351781,0.47392410039901733,0.28397468032516404,0.9446148697948099,0.84315369584781,0.4114210312727377,fine,0.07518235516035213,0.04621008594106758
en_0345,0.5495191786025615,0.49394005912387584,0.5348093916007007,0.4504808187484741,0.5060598850250244,0.4651905298233032,0.05557911947868566,-0.05557906627655029,0.5217296188632187,0.4651905298233032,0.24270367782349075,0.949189992991328,1.0060416898678948,0.5145433472719657,cmp,0.09650574766307565,0.047743930678140895
en_0346,0.5973005624107218,0.6811329737129292,0.6593174968896506,0.40269947052001953,0.3188669681549072,0.3406825065612793,-0.08383241130220742,0.0838325023651123,0.6392167680618255,0.3406825065612793,0.2177699707793026,0.8974401791643588,0.7985825270904329,0.5314560699590826,fine,0.05250924843565292,0.04653537149061847
en_0347,0.44108435595375073,0.3839949137987427,0.38811590534452434,0.5589156150817871,0.6160050630569458,0.6118841171264648,0.05708944215500805,-0.05708944797515869,0.4125396348762467,0.6118841171264648,0.25242645026592636,1.057275407872754,1.109959536380725,0.47977915681203454,cmp,0.15276275421377097,0.04784794180315892
en_0348,0.6041740137456493,0.47879232794385596,0.560652657218487,0.3958260416984558,0.5212076306343079,0.4393472671508789,0.12538168580179332,-0.12538158893585205,0.5414831708447526,0.4393472671508789,0.23789915131883452,0.8897482635603745,1.0209874358248918,0.5258419783694248,cmp,0.08473510379937939,0.04605746272879546
en_0349,0.4756614074000506,0.32586204142122027,0.5370811914790952,0.5243386030197144,0.6741379499435425,0.46291881799697876,0.1497993659788303,-0.14979934692382812,0.4007617244106354,0.46291881799697876,0.18552014376260229,1.0240494056440335,1.1611528397061082,0.6185950961650196,head,0.12105153624276062,0.0438555248815298
en_0350,0.622528872002341,0.3841159431446983,0.5095349775171898,0.37747108936309814,0.6158840656280518,0.49046504497528076,0.23841292885764265,-0.2384129762649536,0.5033224075735196,0.49046504497528076,0.2468620472676129,0.8688741312729469,1.1098504916026315,0.5214969753784813,cmp,0.09256349749564653,0.042041402717908356
en_0351,0.27652623828651723,0.4290096679308118,0.4032244017428551,0.7234737873077393,0.570990264415741,0.5967755913734436,-0.15248342964429457,0.1524835228919983,0.3527679531086645,0.5967755913734436,0.21052330383402248,1.20289131821082,1.0686349536386952,0.5427574533887412,fine,0.16568925965359582,0.04632348577022404
en_0352,0.5518557726993918,0.5409558945762757,0.6267765177640535,0.44814425706863403,0.45904409885406494,0.37322354316711426,0.010899878123116102,-0.010899841785430908,0.5464058336378337,0.37322354316711426,0.20393152123749306,0.9467251209306832,0.9581691974006723,0.5886356527249794,head,0.07711785202625321,0.04703872284874082
en_0353,0.36564522269286903,0.45156557584322865,0.48024691598890135,0.634354829788208,0.5484343767166138,0.519753098487854,-0.08592035315035962,0.08592045307159424,0.40860539926804884,0.519753098487854,0.2123739223284351,1.1263700788880455,1.047315066402438,0.5620548889390613,head,0.1361563730246654,0.04697233502470238
en_0354,0.4636825002770517,0.554194833935146,0.48387272673565673,0.5363174676895142,0.4458051919937134,0.5161272287368774,-0.0905123336580943,0.09051227569580078,0.5089386671060989,0.5161272287368774,0.262677103850511,1.0356809351561407,0.944251201815337,0.4765056939983386,fine,0.10614431722749827,0.047285527664749055
en_0355,0.4641287454845515,0.46710223737668505,0.5199119281450917,0.5358712077140808,0.5328977108001709,0.4800880551338196,-0.0029734918921335285,0.002973496913909912,0.4656154914306183,0.4800880551338196,0.22353643572110318,1.035249974175753,1.0323737333188159,0.5508049112414027,head,0.11460358303683567,0.04777223554077869
en_0356,0.3484151661625978,0.5032473578661232,0.5211486197557907,0.6515848636627197,0.49675267934799194,0.4788513779640198,-0.15483219170352536,0.15483218431472778,0.4258312620143605,0.4788513779640198,0.20390988659573409,1.1415645700856365,0.9967473522752665,0.5883774092514672,head,0.11823645242434001,0.04465554904314565
en_0357,0.5354408583004188,0.6207920571506544,0.5589600982822305,0.4645591378211975,0.37920790910720825,0.4410398602485657,-0.08535119885023568,0.08535122871398926,0.5781164577255367,0.4410398602485657,0.2549724017226665,0.963907818932476,0.8708707629141597,0.47975745324112085,fine,0.07781327079618008,0.04713873734283301
en_0358,0.55414517091871,0.6151788876742805,0.5212966688934613,0.4458547830581665,0.38482099771499634,0.4787033200263977,-0.061033716755570566,0.061033785343170166,0.5846620292964952,0.4787033200263977,0.27987965451760327,0.9443037954824602,0.8772925536281715,0.4248666971655765,fine,0.08058135953069007,0.04700064097748125
en_0359,0.47069566968887644,0.43014008909789114,0.4607367280281872,0.5293043255805969,0.5698598623275757,0.5392632484436035,0.040555580590985296,-0.04055553674697876,0.4504178793933838,0.5392632484436035,0.24289380879875536,1.028887098093006,1.0675766116790952,0.5097349912764241,cmp,0.12875923730230854,0.047964947317749036
en_0360,0.49620797053441,0.541478891268479,0.35147825467401805,0.5037920475006104,0.45852112770080566,0.6485217213630676,-0.04527092073406902,0.04527091979980469,0.5188434309014445,0.6485217213630676,0.3364812349261246,1.0037848668570275,0.9576232126797272,0.3264417656856646,fine,0.11498730025048425,0.04431470050735937
en_0361,0.29507146670276496,0.5835502173810858,0.5199022806827878,0.7049285173416138,0.41644978523254395,0.4800977110862732,-0.28847875067832085,0.2884787321090698,0.4393108420419254,0.4800977110862732,0.21091212971971168,1.1873740213574115,0.9126333136796114,0.5917853900394355,fine,0.09722704160633966,0.03790933749080325
en_0362,0.49873036129512743,0.559142249355272,0.5750830479100872,0.5012695789337158,0.44085776805877686,0.42491698265075684,-0.06041188806014458,0.060411810874938965,0.5289363053251998,0.42491698265075684,0.22475401887322333,1.0012688337353484,0.938997072034549,0.5501135522302263,head,0.08841680012568968,0.04731181377492338
en_0363,0.5826241214575364,0.4223710734097107,0.5684871184940714,0.41737592220306396,0.5776289105415344,0.4315129518508911,0.1602530480478257,-0.16025298833847046,0.5024975974336235,0.4315129518508911,0.21683422156656365,0.9136475015480133,1.0748292204720606,0.573811912584343,cmp,0.08980288053832816,0.04413019907088892
en_0364,0.47455500176386023,0.4344347510040252,0.37699678895772737,0.5254449844360352,0.5655652284622192,0.6230032444000244,0.04012025075983505,-0.04012024402618408,0.4544948763839427,0.6230032444000244,0.28315178255038437,1.0251292584217273,1.06354618987233,0.42925701123137033,cmp,0.13920703471394522,0.04738410999255186
en_0365,0.5634872064232144,0.528431335151921,0.6001501613685484,0.43651282787323,0.47156858444213867,0.3998498320579529,0.03505587127129339,-0.03505575656890869,0.5459592707875677,0.3998498320579529,0.21830172273489135,0.9343583826099979,0.9711525779691664,0.5600937516377842,head,0.08118665946947735,0.04745859131487609
en_0366,0.5106977108103677,0.46409492130242125,0.5055390709674501,0.4893023371696472,0.5359050631523132,0.4944608807563782,0.046602789507946496,-0.046602725982666016,0.4873963160563945,0.4944608807563782,0.24099841171465888,0.9892444482428326,1.0352826461383184,0.5182323657684742,cmp,0.11052293017261311,0.04785802725179376
en_0367,0.49283382855136026,0.31178030539564705,0.44564487462883173,0.5071661472320557,0.6882196664810181,0.5543550848960876,0.18105352315571321,-0.1810535192489624,0.40230706697350366,0.5543550848960876,0.22302096826639264,1.0071406768159445,1.173217537035952,0.5425130303498555,cmp,0.13872686231024406,0.0453119838894552
en_0368,0.48858368064181956,0.4043019293727956,0.392550099070224,0.5114163160324097,0.5956980586051941,0.6074498891830444,0.08428175126902399,-0.08428174257278442,0.4464428050073076,0.6074498891830444,0.2711916324282565,1.0113518866924411,1.0915109441752784,0.4526349678132053,cmp,0.13920203952283375,0.04735197123961131
en_0369,0.32381250209194035,0.3746022349496089,0.4705962006703072,0.6761875152587891,0.6253977417945862,0.529403805732727,-0.05078973285766858,0.05078977346420288,0.3492073685207746,0.529403805732727,0.18487170988480897,1.1629165902230987,1.1183897040391515,0.5937144862746029,head,0.1566468763379352,0.04672509993693181
en_0370,0.5550633573200758,0.3769496220836661,0.49342728333079044,0.4449365735054016,0.623050332069397,0.5065727233886719,0.17811373523640972,-0.17811375856399536,0.466006489701871,0.5065727233886719,0.23606617660507184,0.9433309521900828,1.1162888317244186,0.5331418925039936,cmp,0.111467353761283,0.04496032758049451
en_0371,0.5020559923246918,0.32941049880776263,0.43102742802077554,0.4979439973831177,0.6705895066261292,0.5689725875854492,0.17264549351692915,-0.17264550924301147,0.4157332455662272,0.5689725875854492,0.23654082047511327,0.9979418897664417,1.1580928297785438,0.5187817667185878,cmp,0.13833652634762103,0.04582307130265696
en_0372,0.438313705782206,0.5114471716473116,0.46980985715422985,0.5616862773895264,0.4885528087615967,0.530190110206604,-0.07313346586510555,0.07313346862792969,0.4748804387147588,0.530190110206604,0.25177691213713843,1.0598927249658745,0.9884865485707819,0.4963769128893346,fine,0.11901722356902082,0.047649651278677416
en_0373,0.4171961486157555,0.38625992397916764,0.5856737785088049,0.5828038454055786,0.613740086555481,0.41432619094848633,0.03093622463658785,-0.030936241149902344,0.40172803629746157,0.41432619094848633,0.1664464470763425,1.079633133415462,1.1079170330136032,0.6539494797558932,head,0.1159477944593456,0.044682908932569335
en_0374,0.5536272956686535,0.4432244092119142,0.5300448566234662,0.4463726282119751,0.5567756295204163,0.4699552059173584,0.11040288645673935,-0.11040300130844116,0.49842585244028387,0.4699552059173584,0.2342378241181085,0.9448520564949273,1.0552493456885783,0.5347683040879265,cmp,0.10121104708719973,0.04664030873872264
en_0375,0.6022869359489522,0.4928140069759713,0.6197359383369856,0.3977130651473999,0.5071859359741211,0.3802641034126282,0.10947292897298094,-0.10947287082672119,0.5475504714624617,0.3802641034126282,0.20821378910383487,0.8918666537673083,1.007160357663097,0.5840616713092125,head,0.07475607092248285,0.04526160700022107
en_0376,0.48448841368919643,0.47634481018216845,0.687155566518068,0.5155115723609924,0.5236551761627197,0.3128443956375122,0.008143603507027974,-0.008143603801727295,0.4804166119356824,0.3128443956375122,0.1502956446152398,1.0153931123567894,1.0233818347203865,0.6989683112477766,head,0.07747757850754047,0.04238532290039673
en_0377,0.5776993624611306,0.5941414904015614,0.6923047231544963,0.4223005771636963,0.40585851669311523,0.307695209980011,-0.016442127940430762,0.016442060470581055,0.585920426431346,0.307695209980011,0.1802849086423706,0.9190219121858508,0.900953394575367,0.6285826573296837,head,0.05906040520391035,0.04577740461472438
en_0378,0.3493896393145186,0.5278699742613462,0.4514417435683946,0.6506103277206421,0.4721300005912781,0.548558235168457,-0.17848033494682758,0.178480327129364,0.4386298067879324,0.548558235168457,0.2406139927038695,1.1407106212230005,0.9717304417776094,0.5179983524898659,fine,0.12703317542564752,0.045478808117033184
en_0379,0.4596801515601886,0.5127156482736294,0.4427525524580358,0.5403198003768921,0.4872843027114868,0.5572474002838135,-0.053035496713440766,0.05303549766540527,0.486197899916909,0.5572474002838135,0.2709325157521473,1.0395382132849291,0.9872024632529752,0.4583325428292899,fine,0.11973472252757335,0.047669759383691404
en_0380,0.414450825102191,0.4719631339982823,0.4206775518724797,0.5855491757392883,0.5280368328094482,0.5793224573135376,-0.057512308896091324,0.05751234292984009,0.4432069795502367,0.5793224573135376,0.2567597564915539,1.0821729759126395,1.0276544808462795,0.4804097087411766,fine,0.13705792757110996,0.04782304300347484
en_0381,0.6028480089951945,0.4269800750806158,0.49722738567704844,0.3971520662307739,0.5730199217796326,0.5027725696563721,0.17586793391457872,-0.17586785554885864,0.5149140420379051,0.5027725696563721,0.25888465606754674,0.8912373320331743,1.0705325076048693,0.48988577594283444,cmp,0.09770296584530636,0.0450334217572218
en_0382,0.48677571018807647,0.4414068078349871,0.4675206238086437,0.5132242441177368,0.5585931539535522,0.5324794054031372,0.04536890235308938,-0.04536890983581543,0.4640912590115318,0.5324794054031372,0.2471190376512538,1.0131379864677108,1.056970380062765,0.5036509870634442,cmp,0.12337681206044009,0.04793625566123156
en_0383,0.47281362147734235,0.5504409349229337,0.5304748266614444,0.527186393737793,0.4495590925216675,0.46952515840530396,-0.07762731344559132,0.07762730121612549,0.511627278200138,0.46952515840530396,0.2402218788413943,1.0268265467182445,0.9482183979200851,0.5209441141751256,fine,0.09915251667771198,0.04740286590910409
en_0384,0.5537882590573782,0.4657291042564672,0.47551258438649496,0.4462117552757263,0.5342708826065063,0.5244874358177185,0.08805915480091098,-0.08805912733078003,0.5097586816569226,0.5244874358177185,0.26736202382806,0.9446816828356759,1.0337029512810079,0.46695931198146645,cmp,0.1070804253024985,0.047277484323176834
en_0385,0.5347313787725445,0.46923606659407086,0.5191051709715718,0.465268611907959,0.5307639241218567,0.48089486360549927,0.06549531217847365,-0.0654953122138977,0.5019837226833077,0.48089486360549927,0.24140139385197004,0.9646435831201648,1.0303047446323144,0.5183114186908903,cmp,0.10388807300446665,0.04762636058153927
en_0386,0.40871573633309144,0.4910456516657861,0.40613380959073464,0.5912842750549316,0.5089542865753174,0.5938661098480225,-0.08232991533269468,0.08232998847961426,0.44988069399943875,0.5938661098480225,0.2671688976411753,1.0874596669917544,1.0089146131702265,0.4615326973327978,fine,0.1361819809862622,0.04745032237622393
en_0387,0.7378531627272549,0.342869897096002,0.5011556141100384,0.26214683055877686,0.6571301221847534,0.49884432554244995,0.39498326563125286,-0.39498329162597656,0.5403615299116284,0.49884432554244995,0.26955628293785266,0.7240812623908244,1.1464118831414807,0.5064870528624479,cmp,0.05881635499246273,0.029246328898096603
en_0388,0.4991146582034413,0.37983990552883284,0.4523527055904265,0.5008853077888489,0.6201601028442383,0.54764723777771,0.11927475267460846,-0.1192747950553894,0.4394772818661371,0.54764723777771,0.24067851948004604,1.0008849502281054,1.113696632365535,0.5144050408746309,cmp,0.1307087412647474,0.04694095566960363
en_0389,0.5952811397613263,0.5048734441589916,0.6825089075962512,0.40471887588500977,0.4951266050338745,0.3174910545349121,0.09040769560233475,-0.09040772914886475,0.550077291960159,0.3174910545349121,0.1746446195001396,0.8996875682576412,0.9951146223837823,0.6504628188015475,head,0.06406308597483758,0.04323013005922203
en_0390,0.47491148905097147,0.47031551596643717,0.4307808284811988,0.5250884890556335,0.5296845436096191,0.5692191123962402,0.004595973084534299,-0.004596054553985596,0.4726135025087043,0.5692191123962402,0.2690206384044829,1.024781450797221,1.0292565122782198,0.4603440126344362,cmp,0.12636186285319959,0.04791242706096589
en_0391,0.47401346025185226,0.4743560753522696,0.46366592656610556,0.5259865522384644,0.5256439447402954,0.5363340377807617,-0.0003426151004173317,0.0003426074981689453,0.4741847678020609,0.5363340377807617,0.25432143116941225,1.0256573889444247,1.0253232901360725,0.48999761394822516,fine,0.12128979398280448,0.04809973247122328
en_0392,0.5683325976906379,0.4390855542627839,0.4854635791515856,0.43166738748550415,0.5609144568443298,0.5145363807678223,0.12924704342785404,-0.12924706935882568,0.5037090759767109,0.5145363807678223,0.25917664491296083,0.9291581160484604,1.059164241973091,0.48575382962764124,cmp,0.10568458702625941,0.04652828139451946
en_0393,0.4678610716144506,0.4942601062999012,0.5783078582253313,0.5321389436721802,0.5057399272918701,0.4216921329498291,-0.026399034685450573,0.02639901638031006,0.4810605889571759,0.4216921329498291,0.2028594658354525,1.0316384331591657,1.0057235143916032,0.5938902408390163,head,0.0997818621245467,0.046838302859105174
en_0394,0.33178297861666184,0.5035698576316155,0.38191091447897746,0.6682169437408447,0.49643009901046753,0.6180890798568726,-0.1717868790149537,0.1717868447303772,0.4176764181241387,0.6180890798568726,0.25816123295626325,1.1560424052631788,0.9964237475776908,0.474480625210868,fine,0.14651956586151824,0.04610218342313106
en_0395,0.33255349619979657,0.44670619499548936,0.3386342777874349,0.667446494102478,0.5532938241958618,0.6613656878471375,-0.11415269879569279,0.11415266990661621,0.38962984559764297,0.6613656878471375,0.2576878108394591,1.1553756997619469,1.0519446801087127,0.46024237377461413,fine,0.16710432230384267,0.04717365453046363
en_0396,0.4346605227340221,0.3525180723758146,0.5373586847177412,0.5653394460678101,0.6474819183349609,0.46264123916625977,0.0821424503582075,-0.08214247226715088,0.39358929755491834,0.46264123916625977,0.18209064034338515,1.0633338866658752,1.1379647864711682,0.6199648338297756,head,0.12760827530132243,0.04545789920917751
en_0397,0.6019133700247657,0.5309713018525617,0.6128643119319452,0.3980865478515625,0.4690287113189697,0.38713568449020386,0.07094206817220405,-0.07094216346740723,0.5664423359386637,0.38713568449020386,0.21929004144784456,0.8922854139514267,0.9685336319895542,0.5553980056983173,head,0.07382266747455686,0.04692679143457333
en_0398,0.5608459092270706,0.5473724552736043,0.5289775888390686,0.4391539692878723,0.4526275396347046,0.471022367477417,0.013473453953466219,-0.013473570346832275,0.5541091822503375,0.471022367477417,0.2609978188645295,0.9371809758770495,0.9514489421155455,0.4718725282954008,cmp,0.0891327380964475,0.047992185494200375
en_0399,0.7375984273422451,0.4876901234376245,0.5141749313687892,0.2624014616012573,0.5123099088668823,0.4858250617980957,0.2499083039046206,-0.249908447265625,0.6126442753899348,0.4858250617980957,0.29763794295156465,0.7244329819351889,1.0122350285999548,0.39395579298719774,cmp,0.06285223440409694,0.039555776741146575
en_0400,0.4761538830149967,0.4428682353232449,0.48483278538850183,0.5238461494445801,0.5571317672729492,0.515167236328125,0.03328564769175185,-0.03328561782836914,0.45951105916912083,0.515167236328125,0.2367250424143655,1.0235683826545279,1.0555868175349248,0.5236731540215679,head,0.12213822424429958,0.04794097195312313
en_0401,0.6008497752903523,0.5833914342358848,0.5083021546891857,0.39915013313293457,0.4166085720062256,0.4916977882385254,0.01745834105446753,-0.017458438873291016,0.5921206047631186,0.4916977882385254,0.29114439173248347,0.8934766082104757,0.9128072806064979,0.3973419438475575,cmp,0.0799634057353671,0.046777476618155456
en_0402,0.4684274432346087,0.5334432290067461,0.586569695219643,0.5315725803375244,0.46655672788619995,0.41343021392822266,-0.0650157857721374,0.06501585245132446,0.5009353361206774,0.41343021392822266,0.20710180317657778,1.0310892849461593,0.9659780235525591,0.587041559736106,head,0.09273001616006894,0.04653952467550909
en_0403,0.5097096533900832,0.3244837605958451,0.41527831728411446,0.49029022455215454,0.6755162477493286,0.5847216844558716,0.18522589279423812,-0.18522602319717407,0.4170967069929642,0.5847216844558716,0.24388548909392313,0.9902427445933817,1.1623392270797321,0.5048531015504215,cmp,0.13983985364929122,0.045634443569141606
en_0404,0.5037894435831243,0.5360423497282865,0.49484001371302677,0.496210515499115,0.46395760774612427,0.5051599740982056,-0.032252906145162186,0.03225290775299072,0.5199158966557054,0.5051599740982056,0.26264070088784147,0.9962033491379917,0.963283603381386,0.4741514439662105,fine,0.10291033041450016,0.04792799024778986
en_0405,0.5186773118808504,0.5361164927594348,0.5153240585346361,0.48132264614105225,0.4638833999633789,0.48467588424682617,-0.017439180878584426,0.01743924617767334,0.5273969023201426,0.48467588424682617,0.2556165599810521,0.9811449313115258,0.9632066312485237,0.4873102399622957,fine,0.09826282292361403,0.04806056594790379
en_0406,0.48782818433920017,0.45962219950556316,0.5102440596795612,0.5121718049049377,0.5403777956962585,0.48975592851638794,0.02820598483363701,-0.0282059907913208,0.47372519192238166,0.48975592851638794,0.23200972123155011,1.0120986272698922,1.0395939596731385,0.5348877173673446,head,0.11388278607671189,0.0478759331975002
en_0407,0.575607649506418,0.6147513200995216,0.6480679796192809,0.42439234256744385,0.38524866104125977,0.35193192958831787,-0.03914367059310364,0.03914368152618408,0.5951794848029698,0.35193192958831787,0.20946266453809007,0.9212951215474687,0.8777797900390264,0.5659852491887029,head,0.0637549033559287,0.047252046702478574
en_0408,0.46279351152227816,0.5040989422931802,0.44730787115316506,0.5372064709663391,0.49590104818344116,0.5526921153068542,-0.04130543077090204,0.04130542278289795,0.4834462269077292,0.5526921153068542,0.2671969177867503,1.036538941359872,0.9958926224315752,0.46539187665555104,fine,0.12026511228885799,0.04782368468670906
en_0409,0.6687287277576089,0.4068331410730662,0.5150041566399274,0.331271231174469,0.5931668281555176,0.4849957823753357,0.26189558668454277,-0.2618955969810486,0.5377809344153376,0.4849957823753357,0.26082148503330577,0.8139671642546661,1.0891894774803272,0.4956687330931494,cmp,0.08031413076144814,0.040429891256886695
en_0410,0.2751997265145286,0.4640786300204851,0.3483969297975964,0.7248002290725708,0.5359213352203369,0.6516029834747314,-0.18887890350595649,0.1888788938522339,0.36963917826750686,0.6516029834747314,0.2408579913682556,1.2039935826120263,1.035298382090414,0.4886660131732349,fine,0.1682662298249186,0.046012281080453084
en_0411,0.6222661777847796,0.34459292706904143,0.43593477459463364,0.37773388624191284,0.6554070711135864,0.564065158367157,0.2776732507157381,-0.2776731848716736,0.4834295524269105,0.564065158367157,0.27268576704904907,0.8691764173229971,1.1449079202546892,0.47137268567000296,cmp,0.10624560670560132,0.0416475110382813
en_0412,0.4890971450634526,0.3947275836942134,0.5098866543387408,0.5109028816223145,0.6052724123001099,0.4901133179664612,0.09436956136923919,-0.09436953067779541,0.44191236437883297,0.4901133179664612,0.2165871351561136,1.010844058138096,1.1002476233155758,0.5629148308312506,head,0.12057392574192012,0.04673112545599739
en_0413,0.578151730046299,0.5422662521849797,0.4253401785781503,0.4218481779098511,0.457733690738678,0.5746598243713379,0.03588547786131935,-0.035885512828826904,0.5602089911156394,0.5746598243713379,0.3219296004457577,0.9185295530941849,0.9568006561609586,0.34695603081727533,cmp,0.09548059475912477,0.0451483551057691
en_0414,0.4822811733641722,0.3518900447867148,0.49322839861154966,0.5177188515663147,0.6481099724769592,0.5067716240882874,0.13039112857745738,-0.13039112091064453,0.4170856090754435,0.5067716240882874,0.21136715149501503,1.017564569583501,1.1385165393733068,0.568881453244274,head,0.12853944313040713,0.04594645367378269
en_0415,0.5744460853184417,0.484733536172004,0.5160838626931687,0.42555391788482666,0.5152664184570312,0.48391610383987427,0.08971254914643767,-0.08971250057220459,0.5295898107452228,0.48391610383987427,0.2562770378491246,0.9225550549225325,1.0151516771675018,0.487867581107519,cmp,0.09591699407695597,0.04725268547162243
en_0416,0.6681860013284501,0.5581426545338997,0.4979331396082979,0.3318139314651489,0.44185733795166016,0.5020667910575867,0.11004334679455041,-0.11004340648651123,0.6131643279311749,0.5020667910575867,0.30784944651538676,0.8146336583662005,0.9400610038354958,0.35466517593919467,cmp,0.07208750964229521,0.04429319389298969
en_0417,0.7146560478029238,0.5011895699728723,0.5727935364214423,0.28534388542175293,0.49881047010421753,0.42720645666122437,0.21346647783005146,-0.2134665846824646,0.6079228088878981,0.42720645666122437,0.25970854910853763,0.7554388819713695,0.9988097216458475,0.4730671148502185,cmp,0.0608331325991992,0.04145654842893971
en_0418,0.3792092204916002,0.3543736086693603,0.531287637259556,0.6207907795906067,0.6456263661384583,0.46871232986450195,0.024835611822239922,-0.024835586547851562,0.36679141458048026,0.46871232986450195,0.17191965850231336,1.1142627872350397,1.1363330421409383,0.6300121829719727,head,0.13766480257392982,0.045725571413600216
en_0419,0.7656766275627028,0.6195616677973053,0.6597988128932343,0.2343233823776245,0.38043832778930664,0.34020113945007324,0.14611495976539757,-0.14611494541168213,0.6926191476800041,0.34020113945007324,0.23562982324567594,0.6845777858465708,0.8722824453153856,0.45978854792522467,cmp,0.03932864378915264,0.04312568603812551
en_0420,0.5019186213307646,0.5470926121242761,0.43258175275241534,0.49808138608932495,0.4529073238372803,0.5674182176589966,-0.045173990793511476,0.04517406225204468,0.5245056167275204,0.5674182176589966,0.2976140421956624,0.9980795345755121,0.9517430198070524,0.40379447248007627,fine,0.1079143615691091,0.0468061470520621
en_0421,0.42017715465824257,0.39232481683203324,0.5480875010966154,0.579822838306427,0.6076751947402954,0.451912522315979,0.027852337826209328,-0.027852356433868408,0.4062509857451379,0.451912522315979,0.1835899076614381,1.0768684648941649,1.102429302193993,0.6196119283164181,head,0.12383072646334298,0.046073686915094475
en_0422,0.45810213863551486,0.5017413289112591,0.44385962768721815,0.5418978929519653,0.4982585906982422,0.5561403036117554,-0.043639190275744255,0.043639302253723145,0.479921733773387,0.5561403036117554,0.2669038187306115,1.041055100717042,0.9982571523297399,0.465740188985366,fine,0.12183441286999862,0.04781263685487688
en_0423,0.4090862746139845,0.5217503715265757,0.38623593459140626,0.590913712978363,0.47824954986572266,0.6137640476226807,-0.11266409691259116,0.11266416311264038,0.4654183230702801,0.6137640476226807,0.28565703380537555,1.087118876099588,0.9780078000439715,0.42832457493735554,fine,0.1320466320984352,0.046622613237081965
en_0424,0.5866535135706596,0.5709670240554728,0.5036373339848412,0.41334640979766846,0.42903292179107666,0.4963626265525818,0.015686489515186808,-0.015686511993408203,0.5788102688130663,0.4963626265525818,0.2872997853036595,0.9092265794941768,0.9263184937639183,0.410832434528751,cmp,0.08441489220147094,0.047100478602337896
en_0425,0.7019624323776732,0.6215854822697113,0.7261016776858428,0.29803740978240967,0.37841445207595825,0.2738983631134033,0.08037695010796186,-0.08037704229354858,0.6617739573236923,0.2738983631134033,0.18125880366203853,0.7720590231612178,0.8699592148259465,0.5993416996607955,head,0.04048820880142847,0.0448292218373153
en_0426,0.4011613991859162,0.5454662732595138,0.39355735642794754,0.5988385677337646,0.4545336961746216,0.6064426302909851,-0.1443048740735976,0.14430487155914307,0.473313836222715,0.6064426302909851,0.2870376877920198,1.0943843939074456,0.9534502889406308,0.42832286065745934,fine,0.12683002785824873,0.04603655033414537
en_0427,0.3772249099575306,0.4372329157250503,0.4482499131625227,0.6227750778198242,0.5627670884132385,0.5517500638961792,-0.06000800576751969,0.06000798940658569,0.4072289128412905,0.5517500638961792,0.2246885786805536,1.116042194580895,1.0609119513653809,0.535287197805544,head,0.14388263776244198,0.047671919207341
en_0428,0.6747421181175088,0.5763180884818141,0.6851035609000684,0.32525789737701416,0.4236818552017212,0.3148963451385498,0.09842402963569474,-0.09842395782470703,0.6255301032996614,0.3148963451385498,0.1969771433032029,0.8065455745120557,0.9205236678306384,0.5846140374994863,head,0.050814607449892454,0.044899254469478386
en_0429,0.5921766745573209,0.34670307155626423,0.36450775163515725,0.40782320499420166,0.6532968878746033,0.635492205619812,0.2454736030010567,-0.2454736828804016,0.4694398730567926,0.635492205619812,0.2983253803347457,0.9031315800509679,1.1430633652109894,0.4122957531378106,cmp,0.12452843051652934,0.04326167126716002
en_0430,0.6068915404449009,0.43698772125338625,0.48375988836316575,0.39310842752456665,0.5630122423171997,0.516240119934082,0.16990381919151465,-0.16990381479263306,0.5219396308491435,0.516240119934082,0.26944617762791234,0.8866887385718832,1.0611430428991313,0.4675087151740906,cmp,0.09807789450349254,0.04524208875763774
en_0431,0.46660770410002145,0.32833625657254784,0.4123133670900588,0.5333923101425171,0.6716637015342712,0.5876865983009338,0.1382714475274736,-0.13827139139175415,0.3974719803362846,0.5876865983009338,0.23358895604376678,1.0328526476704978,1.1590200545525104,0.5157221523919633,cmp,0.15022809503522283,0.046742859657472303
en_0432,0.5878972011904963,0.450194875157116,0.46866122572446917,0.41210275888442993,0.5498051047325134,0.5313388109207153,0.13770232603338028,-0.1377023458480835,0.5190460381738061,0.5313388109207153,0.27578930473637836,0.9078576967889891,1.0486230255367122,0.45227828795039776,cmp,0.10287296836898766,0.046135810966739306
en_0433,0.4956577165782018,0.5686439063601126,0.5924058076017849,0.5043421983718872,0.4313560724258423,0.4075942039489746,-0.07298618978191085,0.07298612594604492,0.5321508114691572,0.4075942039489746,0.216901586381572,1.0043328964260791,0.9288230118164468,0.5661205946551174,head,0.08443767409775739,0.04679453092690332
en_0434,0.5096421252066119,0.3479267938677936,0.39613058828076186,0.49035781621932983,0.6520731449127197,0.6038693785667419,0.16171533133881827,-0.1617153286933899,0.4287844595372028,0.6038693785667419,0.25892980511980696,0.9903109358109585,1.1419922995644116,0.4762123892892028,cmp,0.1410589320947907,0.0462554291548061
en_0435,0.5300703139222631,0.6073126544133532,0.625073524272772,0.46992963552474976,0.3926873207092285,0.37492650747299194,-0.07724234049109013,0.07724231481552124,0.5686914841678081,0.37492650747299194,0.2132175119886686,0.9694634454972884,0.8862136825694431,0.5676419148291599,head,0.07125585538411025,0.046526419965162887
en_0436,0.4970106925377092,0.5139714120632471,0.5901318374299653,0.5029892921447754,0.4860285520553589,0.409868061542511,-0.01696071952553796,0.016960740089416504,0.5054910523004782,0.409868061542511,0.20718463773348103,1.0029848527892042,0.9859295998566562,0.5856667663771022,head,0.09215067571650794,0.047090568672134604
en_0437,0.45125426282133735,0.5593652408810648,0.45123088720064986,0.5487457513809204,0.44063472747802734,0.5487691164016724,-0.10811097805972741,0.10811102390289307,0.5053097518512011,0.5487691164016724,0.27729838603253193,1.047612272912705,0.9387595635932928,0.44802346573415125,fine,0.11072892502339093,0.04680194831265602
en_0438,0.4661942907373572,0.5063167166123537,0.49253960754574694,0.5338057279586792,0.4936832785606384,0.5074604153633118,-0.04012242587499648,0.04012244939804077,0.4862555036748554,0.5074604153633118,0.24675541986753852,1.0332528337852678,0.9936632059079643,0.5065022927007801,fine,0.11299028683450163,0.047957106491491375
en_0439,0.5969467809887443,0.6888928289012585,0.6914195622753565,0.4030531644821167,0.3111070394515991,0.30858033895492554,-0.09194604791251415,0.09194612503051758,0.6429198049450013,0.30858033895492554,0.19839241133076313,0.8978343043248634,0.7888056428534748,0.5726777055925676,head,0.04742857430720411,0.04534288250968499
en_0440,0.5787781383165773,0.3360522273350228,0.42864615282997,0.42122185230255127,0.6639477610588074,0.5713539123535156,0.2427259109815545,-0.2427259087562561,0.45741518282580007,0.5713539123535156,0.2613459542774195,0.917847331186862,1.1523435014482246,0.48579723379809314,cmp,0.11929665800783493,0.04347434638821301
en_0441,0.5139698505654375,0.5082124441055185,0.6146780586311199,0.48603010177612305,0.49178749322891235,0.3853219747543335,0.005757406459919068,-0.005757391452789307,0.511091147335478,0.3853219747543335,0.1969346501707644,0.9859311836376439,0.9917535539583222,0.6059473371541981,head,0.08656215019205082,0.04658513796347023
en_0442,0.5087430401008963,0.46060491591437064,0.5194438659756653,0.4912569522857666,0.5393950343132019,0.48055607080459595,0.04813812418652569,-0.0481380820274353,0.48467397800763345,0.48055607080459595,0.23291302249258147,0.9912184016644408,1.0386482408261515,0.5343189414437293,head,0.10898719594469647,0.04772291443228192
en_0443,0.4221284785831064,0.5150348295746677,0.5159931352160068,0.577871561050415,0.48496514558792114,0.48400676250457764,-0.0929063509915613,0.0929064154624939,0.4685816540788871,0.48400676250457764,0.22679668935976205,1.0750549022416427,0.9848504154696106,0.5467011479573544,head,0.11236680126660228,0.046961859180822595
en_0444,0.534748553883794,0.3766338256277081,0.5137594611103686,0.46525144577026367,0.623366117477417,0.48624056577682495,0.15811472825608597,-0.15811467170715332,0.45569118975575107,0.48624056577682495,0.2215755419263509,0.964625778337077,1.1165716944041628,0.5592718524477404,cmp,0.11196385680798517,0.04514347401471684
en_0445,0.4487832750484746,0.5239278502894615,0.4506372397145474,0.5512166619300842,0.4760720729827881,0.5493626594543457,-0.07514457524098694,0.07514458894729614,0.48635556266896807,0.5493626594543457,0.267185585348239,1.0499683089993956,0.9757788168540434,0.46648016779988727,fine,0.11809894081759748,0.047508863800568416
en_0446,0.4402863919813847,0.33755892952478994,0.36321829836409397,0.55971360206604,0.6624410152435303,0.6367816925048828,0.10272746245659475,-0.10272741317749023,0.38892266075308735,0.6367816925048828,0.2476588301678533,1.0580298748321006,1.1510352474839425,0.4806690024370049,cmp,0.16389022146451937,0.04742682168417275
en_0447,0.6810492213998651,0.5566031715437436,0.33134181431850396,0.31895071268081665,0.44339680671691895,0.6686581373214722,0.12444604985612151,-0.1244460940361023,0.6188261964718044,0.6686581373214722,0.41378317185856806,0.7986873964200695,0.9416972214637322,0.12456683688612259,cmp,0.060138844432715874,0.02936786518535647
en_0448,0.6997395747585998,0.5644638860185585,0.5899799400768856,0.30026042461395264,0.43553608655929565,0.41001999378204346,0.13527568874004137,-0.13527566194534302,0.6321017303885792,0.41001999378204346,0.2591743475635441,0.7749328038499856,0.9333125028429022,0.45043133599211277,cmp,0.05912046255361608,0.04503059399509633
en_0449,0.43553236194147815,0.47660091739396493,0.4546516353380417,0.5644676685333252,0.5233990550041199,0.5453483462333679,-0.04106855545248678,0.04106861352920532,0.45606663966772154,0.5453483462333679,0.24871518771500126,1.0625136592613968,1.0231315483416923,0.49905503179336075,fine,0.12796993312253024,0.04797568517541834
en_0450,0.582945053435656,0.5667270147299013,0.4461710113287547,0.4170548915863037,0.43327295780181885,0.5538289546966553,0.016218038705754667,-0.016218066215515137,0.5748360340827786,0.5538289546966553,0.3183608398780362,0.913296169448163,0.9308845097756211,0.34875119951146755,cmp,0.08929943696120027,0.04529158331587933
en_0451,0.6124200062765315,0.5058061393262262,0.5521127769808484,0.3875800371170044,0.4941938519477844,0.4478871822357178,0.10661386695030528,-0.10661381483078003,0.5591130728013789,0.4478871822357178,0.25041957872816334,0.8804317051577234,0.9941769064646127,0.49569772401723045,cmp,0.08260398945807297,0.04672175142853594
en_0452,0.48207670316986256,0.5180076525925146,0.5001591442779807,0.5179232358932495,0.48199236392974854,0.4998408555984497,-0.035930949422652014,0.03593087196350098,0.5000421778811885,0.4998408555984497,0.24994151002744547,1.0177654905037186,0.9818272224862025,0.5004401775630006,fine,0.10793805674840294,0.04798805137390387
en_0453,0.466351313059967,0.4483239875095921,0.44338352509397927,0.5336486101150513,0.5516760349273682,0.5566164255142212,0.018027325550374895,-0.018027424812316895,0.4573376502847796,0.5566164255142212,0.25456164815458693,1.0331008536827684,1.0504056478241224,0.4872101167272605,cmp,0.12958506307520098,0.048066202532967735
en_0454,0.7288938242936566,0.4849690173229176,0.4793144881764494,0.2711062431335449,0.5150309801101685,0.5206855535507202,0.24392480697073898,-0.24392473697662354,0.6069314208082871,0.5206855535507202,0.3160204228108881,0.7363506986570241,1.0149196841889336,0.35519680012667826,cmp,0.06773505035376082,0.03966249839158394
en_0455,0.6551893023644652,0.397554502147504,0.4524697012530969,0.3448106050491333,0.6024454832077026,0.5475302934646606,0.25763480021696117,-0.25763487815856934,0.5263719022559845,0.5475302934646606,0.2882045621137709,0.8304344617554535,1.0976752687862619,0.4385135753232995,cmp,0.09336279101852048,0.04178453380741366
en_0456,0.4688339676217167,0.43291934115194675,0.4529333817001645,0.5311660170555115,0.5670806169509888,0.5470665693283081,0.03591462646976995,-0.035914599895477295,0.4508766543868317,0.5470665693283081,0.2466595445056293,1.0306949426268508,1.0649701017850721,0.5021413055503962,cmp,0.1299610865047114,0.048008282329323373
en_0457,0.6061519709407248,0.5826658055920639,0.618305278328014,0.3938479423522949,0.4173341393470764,0.3816946744918823,0.02348616534866088,-0.023486196994781494,0.5944088882663944,0.3816946744918823,0.22688270712192304,0.8875224268256832,0.913601876539158,0.5296807761521486,head,0.06817190201434334,0.047908685902316436
en_0458,0.32567217846314406,0.6416256787197634,0.40099468569226354,0.6743277311325073,0.3583742380142212,0.5990052819252014,-0.31595350025661934,0.31595349311828613,0.4836489285914537,0.5990052819252014,0.28970826282374534,1.161316340655599,0.8466100888605529,0.44111545065571023,fine,0.10702565590368646,0.04019790422501872
en_0459,0.7709399901956067,0.510535633887974,0.5499784379520685,0.22905999422073364,0.4894644021987915,0.45002150535583496,0.2604043563076327,-0.26040440797805786,0.6407378120417904,0.45002150535583496,0.28834579471345057,0.6768456394251109,0.989408273779865,0.40094395340885663,cmp,0.051396734199091604,0.03763951087116192
en_0460,0.7291802389663273,0.5202341128295623,0.5137572672199566,0.27081966400146484,0.4797658920288086,0.4862426519393921,0.208946126136765,-0.20894622802734375,0.6247071758979448,0.4862426519393921,0.30375927389418494,0.7359616308390984,0.9795569275651499,0.36667628450540796,cmp,0.06276276536515212,0.04102827970398393
en_0461,0.43318731401390576,0.42717086361995715,0.36520154507752745,0.5668126344680786,0.5728290677070618,0.6347984075546265,0.0060164503939486025,-0.006016433238983154,0.43017908881693145,0.6347984075546265,0.2730770005442883,1.064718447277114,1.070354274415759,0.44299041399475025,cmp,0.15019839773245047,0.047702661245685396
en_0462,0.5421029152213674,0.424013546734319,0.5658421695203179,0.4578970670700073,0.5759864449501038,0.4341577887535095,0.11808936848704843,-0.11808937788009644,0.48305823097784323,0.4341577887535095,0.20972349340052246,0.9569713525269528,1.0733000077011847,0.583892095391156,head,0.09800376915495203,0.04547432181885213
en_0463,0.4055375796604095,0.4770814569794644,0.43753679057143513,0.5944623947143555,0.5229185223579407,0.5624631643295288,-0.07154387731905493,0.0715438723564148,0.4413095183199369,0.5624631643295288,0.2482203481229719,1.0903783016362627,1.0226617652191121,0.4976447195607836,fine,0.13466070799052898,0.047720275948937935
en_0464,0.5064884477000489,0.49943894732486066,0.4334618468334889,0.4935115575790405,0.500560998916626,0.5665381550788879,0.0070495003751882,-0.007049441337585449,0.5029636975124547,0.5665381550788879,0.28494812526036195,0.9934903646235838,1.0005608953733292,0.43009454279206905,cmp,0.11568268873140379,0.04749842478717732
en_0465,0.6021742322954016,0.411490068943277,0.43319085314117234,0.39782583713531494,0.5885099172592163,0.5668091177940369,0.19068416335212457,-0.19068408012390137,0.5068321506193393,0.5668091177940369,0.2872770841622021,0.8919930130943836,1.0849054622931187,0.43351697162606834,cmp,0.10771625684041668,0.04465368648560822
en_0466,0.6663771622498371,0.44295568539632446,0.4757938251747863,0.3336228132247925,0.557044267654419,0.5242061614990234,0.22342147685351266,-0.22342145442962646,0.5546664238230807,0.5242061614990234,0.29075955694468764,0.8168510730239179,1.0555039692996664,0.42503528089579334,cmp,0.08536565009906384,0.04264303287402245
en_0467,0.5990402663609063,0.4034158666150319,0.6097698401179328,0.40095967054367065,0.596584141254425,0.3902301788330078,0.19562439974587442,-0.1956244707107544,0.5012280664879691,0.3902301788330078,0.19559431802172292,0.8954995629692888,1.0923224188717984,0.6208645422182439,head,0.07749588166128267,0.04023844006884554
en_0468,0.47329066272320514,0.3840091932690348,0.6138579173052385,0.5267093181610107,0.6159908175468445,0.38614213466644287,0.08928146945417031,-0.08928149938583374,0.42864992799612,0.38614213466644287,0.16551979822103882,1.0263618633569687,1.1099466714495476,0.6641094245267466,head,0.10100878654866942,0.04321492763645451
en_0469,0.4602834042219762,0.533762844435731,0.48914072914475726,0.5397166013717651,0.4662371873855591,0.5108592510223389,-0.07347944021375474,0.07347941398620605,0.4970231243288536,0.5108592510223389,0.253908861035421,1.0389577429116392,0.9656470945063409,0.49348250716651976,fine,0.10952462985381965,0.047604464810086365
en_0470,0.6637761686419523,0.6319916743076331,0.5575929830350284,0.3362237215042114,0.36800825595855713,0.44240695238113403,0.03178449433431918,-0.0317845344543457,0.6478839214747927,0.44240695238113403,0.286628351196401,0.8200290621167613,0.8579141282114043,0.37216735889739977,cmp,0.06044454757411404,0.045973097527073
en_0471,0.5790997522090154,0.5496792716615688,0.47847636846855796,0.42090028524398804,0.4503207802772522,0.5215235948562622,0.029420480547446615,-0.02942049503326416,0.5643895119352922,0.5215235948562622,0.29434244716366487,0.9174968640720078,0.9490213151857351,0.4016167146184916,cmp,0.09084558375627876,0.04683395299837798
en_0472,0.46428550327782975,0.6139744178498674,0.5005074741819536,0.5357144474983215,0.3860255479812622,0.4994925260543823,-0.14968891457203765,0.14968889951705933,0.5391299605638485,0.4994925260543823,0.2692913858736362,1.0350985428664943,0.8786644207547407,0.46426121447217295,fine,0.09228928922382817,0.04568998629363323
en_0473,0.5791587868287629,0.45784218025229784,0.4470524753966225,0.4208412170410156,0.5421578288078308,0.552947461605072,0.12131660657646504,-0.12131661176681519,0.5185004835405304,0.552947461605072,0.2867035262147387,0.9174325186859652,1.0413047774284934,0.4292263972443108,cmp,0.10633407139256562,0.046270552912019425
en_0474,0.4279851661118768,0.5156205665495113,0.49595648635358613,0.5720148086547852,0.4843794107437134,0.5040435194969177,-0.08763540043763446,0.08763539791107178,0.471802866330694,0.5040435194969177,0.23780917725405684,1.0695932253788105,0.9842554886313706,0.524672693675547,fine,0.11520553064324295,0.047312994770944014
en_0475,0.39639658024211694,0.4509903401656459,0.5226826329146834,0.6036033630371094,0.5490096807479858,0.4773173928260803,-0.05459375992352894,0.054593682289123535,0.42369346020388143,0.4773173928260803,0.2022362577819773,1.0987296480553193,1.0478641704289289,0.5865407064412853,head,0.12437106132958128,0.04681458751110523
en_0476,0.5889379134472394,0.5576199599796539,0.5050473790120877,0.41106200218200684,0.44238007068634033,0.49495261907577515,0.03131795346758559,-0.031318068504333496,0.5732789367134467,0.49495261907577515,0.283745911187296,0.9067106336122469,0.9406168614482163,0.4203344426513661,cmp,0.08585769099479545,0.0472220825649565
en_0477,0.32267090874465865,0.5708635892652208,0.48449259506510134,0.6773290634155273,0.42913639545440674,0.5155074596405029,-0.2481926805205622,0.2481926679611206,0.44676724900493975,0.5155074596405029,0.2303118495851125,1.163897840238001,0.9264301492662891,0.5480613109217247,fine,0.11058928312207476,0.04203643189538673
en_0478,0.5191290120145722,0.6049769399697318,0.5625623922847687,0.48087096214294434,0.39502304792404175,0.4374375343322754,-0.08584792795515961,0.08584791421890259,0.562052975992152,0.4374375343322754,0.24586306798212454,0.9806844426067215,0.8888453859139601,0.5030034288517042,fine,0.08137252499141855,0.047176861040596325
en_0479,0.44055759506032377,0.5582484483631989,0.6859380486871618,0.559442400932312,0.4417515993118286,0.3140619993209839,-0.1176908533028751,0.1176908016204834,0.4994030217117613,0.3140619993209839,0.1568435114657365,1.0577735153989032,0.9399484577750015,0.6911040675110299,head,0.06920248951144811,0.04000378966532176
en_0480,0.40513217212965347,0.5755436674611651,0.35062092436601966,0.5948678255081177,0.42445629835128784,0.6493790149688721,-0.17041149533151168,0.17041152715682983,0.4903379197954093,0.6493790149688721,0.3184151553586287,1.09075004274155,0.9213645668668132,0.36811245873196047,fine,0.12308430113633119,0.044202262402918364
en_0481,0.6567050666219233,0.42871322207590457,0.6051513352613163,0.3432949185371399,0.5712867975234985,0.39484864473342896,0.22799184454601873,-0.22799187898635864,0.5427091443489139,0.39484864473342896,0.21428797013060752,0.8286071848325678,1.068912323742313,0.5867992537190976,cmp,0.06648623331508303,0.038776349092594246
en_0482,0.419063681831689,0.4061236977078908,0.6802265999925088,0.5809363126754761,0.593876302242279,0.31977343559265137,0.01293998412379821,-0.012939989566802979,0.41259368976978994,0.31977343559265137,0.1319365016815343,1.077901960447527,1.0898406326542518,0.7278531713962767,head,0.09029838646362087,0.0404238934922663
en_0483,0.34661082744226324,0.6482505505228415,0.417985247077551,0.6533891558647156,0.3517495393753052,0.5820147395133972,-0.3016397230805783,0.3016396164894104,0.4974306889825524,0.5820147395133972,0.2895119928741499,1.1431440614006063,0.8387484121918308,0.4413009371482414,fine,0.10197511936036832,0.04048148128907493
en_0484,0.5687423262202226,0.4358094222276356,0.3793962470587602,0.43125760555267334,0.5641905069351196,0.6206037402153015,0.132932903992587,-0.1329329013824463,0.502275874223929,0.6206037402153015,0.31171428616328073,0.928717043861883,1.0622528679861158,0.3799616922065421,cmp,0.11795292987759722,0.04516459810709729
en_0485,0.6576432388788312,0.5742100628155198,0.5455459039812545,0.34235680103302,0.4257899522781372,0.45445412397384644,0.08343317606331146,-0.08343315124511719,0.6159266508471755,0.45445412397384644,0.2799104065428983,0.827474182221015,0.92281085514257,0.4108063330127416,cmp,0.06916388538687454,0.04627111621534954
en_0486,0.46989209666331583,0.47016345564235434,0.42951210265915274,0.530107855796814,0.5298364758491516,0.5704878568649292,-0.00027135897903851625,0.0002713799476623535,0.4700277761528351,0.5704878568649292,0.2681451386844196,1.029667813750322,1.0294042397014362,0.4617756783935786,fine,0.12740743531420592,0.04792799840010533
en_0487,0.5549886614740138,0.3216577638888922,0.39699360585878296,0.4450113773345947,0.6783421635627747,0.6030063629150391,0.2333308975851216,-0.23333078622817993,0.438323212681453,0.6030063629150391,0.2643116862602781,0.9434101319426093,1.164767990727001,0.4735362628452675,cmp,0.1317508283220146,0.04420696229237993
en_0488,0.480901503035354,0.5629091571168678,0.6470124662872437,0.5190984606742859,0.4370908737182617,0.35298752784729004,-0.08200765408151384,0.08200758695602417,0.521905330076111,0.35298752784729004,0.18422607223389031,1.0189195227932835,0.9349768370212515,0.6331722865229102,head,0.07627482988628431,0.04450252013272725
en_0489,0.4215682238193089,0.5420656137846873,0.47864678030769414,0.5784317851066589,0.4579343795776367,0.5213531851768494,-0.1204973899653784,0.12049740552902222,0.4818169188019981,0.5213531851768494,0.2511967852895171,1.0755759165960264,0.9570103303677684,0.5003344978146542,fine,0.11358075486718247,0.04680867213863502
en_0490,0.39052826037404476,0.3838201087994769,0.43260416772667415,0.6094717383384705,0.616179883480072,0.567395806312561,0.006708151574567833,-0.0067081451416015625,0.38717418458676084,0.567395806312561,0.2196810086470135,1.104057733658847,1.1101170129319908,0.5370740276415781,head,0.1540951667411534,0.04792978297466188
en_0491,0.4943904975734881,0.5956924875668598,0.43151023980654196,0.5056095123291016,0.40430748462677,0.5684897899627686,-0.1013019899933717,0.10130202770233154,0.5450414925701739,0.5684897899627686,0.309850523632212,1.00559385680951,0.8992302401867275,0.37757625196391725,fine,0.09935773741011769,0.045458363589338115
en_0492,0.6361389201474544,0.4564250811677512,0.4928032552547229,0.36386096477508545,0.543574869632721,0.5071967244148254,0.17971383897970322,-0.1797139048576355,0.5462820006576028,0.5071967244148254,0.27707244134031367,0.8530663278462531,1.042664777224443,0.44997892910245696,cmp,0.08922077149753745,0.044583963587032496
en_0493,0.6070998162439764,0.48495270437614774,0.46222582471467705,0.39290016889572144,0.5150473117828369,0.5377740859985352,0.12214711186782862,-0.12214714288711548,0.5460262603100621,0.5377740859985352,0.29363877306944186,0.8864538157806345,1.01493575720225,0.41144371077169584,cmp,0.09578176497311065,0.04582616517611127
en_0494,0.6001687972191294,0.4552236825429092,0.5230315458354434,0.3998311758041382,0.5447763204574585,0.4769684076309204,0.14494511467622023,-0.1449451446533203,0.5276962398810193,0.4769684076309204,0.25169443524887397,0.89423845005778,1.0438163798840203,0.5009949374228777,cmp,0.09262531653823021,0.04583419396041126
en_0495,0.27082784295668977,0.45142023507726825,0.3499897697344866,0.7291721701622009,0.5485798120498657,0.6500102281570435,-0.18059239212057848,0.1805923581123352,0.361124039016979,0.6500102281570435,0.23473431899441957,1.2076192753043573,1.0474538318443753,0.49626774288547276,fine,0.17172506801325058,0.04620902146067372
en_0496,0.6013614686427771,0.5508284047991258,0.6413883900702411,0.3986384868621826,0.4491714835166931,0.3586115837097168,0.050533063843651305,-0.0505329966545105,0.5760949367209514,0.3586115837097168,0.20659431762464944,0.8929037253335023,0.9478096804748035,0.578041948754002,head,0.06818694277649012,0.04684929321759171
en_0497,0.4144788685902499,0.7089037170975194,0.42650271356881087,0.5855211019515991,0.29109621047973633,0.5734972953796387,-0.2944248485072695,0.2944248914718628,0.5616912928438846,0.5734972953796387,0.32212843728426044,1.0821470615491686,0.7630154427041185,0.3671091111477939,fine,0.08157316680551986,0.03879204436111996
en_0498,0.4675908474571066,0.3696689736854023,0.44196200551986253,0.5324090719223022,0.6303309798240662,0.5580379962921143,0.0979218737717043,-0.09792190790176392,0.4186299105712544,0.5580379962921143,0.2336113964831298,1.0319003367989499,1.1227920789839922,0.5219206053565199,cmp,0.14010238099744168,0.04731466851763939
en_0499,0.35365661249418556,0.5751012698294937,0.41903744156113454,0.6463433504104614,0.4248986840248108,0.5809625387191772,-0.22144465733530816,0.22144466638565063,0.46437894116183964,0.5809625387191772,0.2697867685851058,1.136963840679038,0.9218445966327583,0.4677775982365965,fine,0.12085133055635622,0.04427145509938478
en_0500,0.6077460837696996,0.4889065835751717,0.5955729363093856,0.3922538161277771,0.5110933780670166,0.4044269919395447,0.11883950019452794,-0.1188395619392395,0.5483263336724357,0.4044269919395447,0.22175796972838221,0.8857244675747648,1.0110325577594705,0.5571438804309606,cmp,0.07806438923616402,0.045644393931466645
